"school","nstudents","muncode","statecode","name","inst","modalidad","especialidad","long","lat","min2011","min2012","min2013"
"604000",4102,3,9,"COLEGIO DE CIENCIAS Y HUMANIDADES, PLANTEL SUR",6,2,"",-99.2000123471,19.3114794169,"88","91","94"
"6000",3863,7,9,"PLANTEL 6, VICENTE GUERRERO",0,2,"Inicio agosto del 2014",-99.0554252434,19.358488499,"51","51","54"
"615000",3855,57,15,"COLEGIO DE CIENCIAS Y HUMANIDADES, PLANTEL NAUCALPAN",6,2,"",-99.2441891424,19.4752253545,"77","81","86"
"609000",3797,6,9,"COLEGIO DE CIENCIAS Y HUMANIDADES, PLANTEL ORIENTE",6,2,"",-99.0603735106,19.3851818645,"86","89","93"
"602000",3757,2,9,"COLEGIO DE CIENCIAS Y HUMANIDADES, PLANTEL AZCAPOTZALCO",6,2,"",-99.2036698143,19.5001264802,"81","85","90"
"3000",3730,6,9,"PLANTEL 3, IZTACALCO",0,2,"Inicio agosto del 2014",-99.1112691014,19.385526349,"60","60","63"
"1000",3701,2,9,"PLANTEL 1, EL ROSARIO",0,2,"Inicio agosto del 2014",-99.1973805428,19.5118933663,"52","52","60"
"607000",3685,5,9,"COLEGIO DE CIENCIAS Y HUMANIDADES, PLANTEL VALLEJO",6,2,"",-99.1417952846,19.485185849,"84","88","92"
"2000",3344,5,9,"PLANTEL 2, CIEN METROS ELISA ACUÑA ROSSETTI",0,2,"Inicio agosto del 2014",-99.1499115095,19.5012210748,"59","62","69"
"5000",3249,104,15,"PLANTEL 5, SATÉLITE",0,2,"Inicio agosto del 2014",-99.2349626496,19.5269929206,"56","58","66"
"612000",2974,12,9,"ESCUELA NACIONAL PREPARATORIA PLANTEL  NÚM. 5 JOSÉ VASCONCELOS",6,2,"",-99.1348743439,19.3077412539,"97","100","103"
"9000",2972,5,9,"PLANTEL 9, ARAGÓN",0,2,"Inicio agosto del 2014",-99.0647668966,19.4678660208,"49","47","53"
"4000",2908,3,9,"PLANTEL 4, CULHUACÁN LÁZARO CÁRDENAS",0,2,"Inicio agosto del 2014",-99.1201714465,19.3240498221,"65","66","70"
"7000",2802,7,9,"PLANTEL 7, IZTAPALAPA",0,2,"Inicio agosto del 2014",-99.0695219981,19.3789313975,"49","50","52"
"10000",2258,17,9,"PLANTEL 10, AEROPUERTO",0,2,"Inicio agosto del 2014",-99.0752697411,19.4121146231,"46","47","50"
"606000",2040,5,9,"ESCUELA NACIONAL PREPARATORIA PLANTEL  NÚM. 9 PEDRO DE ALBA",6,2,"",-99.1277512651,19.483821493,"101","103","106"
"601000",2018,10,9,"ESCUELA NACIONAL PREPARATORIA PLANTEL NÚM. 8 MIGUEL E. SCHULZ",6,2,"",-99.195127,19.367126,"89","92","96"
"510100",1861,5,9,"CECyT NÚM. 10  CARLOS VALLEJO MÁRQUEZ RAMA DE INGENIERÍA Y CIENCIAS   FÍSICO ? MATEMÁTICAS",5,3,"Tecnico en diagn?stico y mejoramiento ambiental,  ",-99.079621,19.455101,"77","79","84"
"613000",1840,17,9,"ESCUELA NACIONAL PREPARATORIA PLANTEL  NÚM. 7 EZEQUIEL A. CHÁVEZ",6,2,"",-99.127032,19.418721,"89","93","97"
"12000",1793,58,15,"PLANTEL 12, NEZAHUALCÓYOTL",0,2,"Inicio agosto del 2014",-98.9882088385,19.4087904148,"31","31","24"
"611000",1770,16,9,"ESCUELA NACIONAL PREPARATORIA PLANTEL  NÚM. 4 VIDAL CASTA?EDA Y NÁJERA",6,2,"",-99.1952562332,19.4036209423,"86","89","93"
"504100",1748,10,9,"CECyT NÚM. 4 LÁZARO CÁRDENAS DEL RÍO RAMA DE INGENIERÍA Y CIENCIAS   FÍSICO ? MATEMÁTICAS",5,3,"Tecnico en Construcci?n,  Tecnico en instalaciones",-99.215062,19.398445,"77","80","85"
"13000",1708,13,9,"PLANTEL 13, XOCHIMILCO TEPEPAN QUIRINO MENDOZA Y CORTES",0,2,"Inicio agosto del 2014",-99.1255263734,19.2614876726,"66","69","72"
"508100",1703,2,9,"CECyT NÚM. 8 NARCISO BASSOLS GARCÍA RAMA DE INGENIERÍA Y CIENCIAS   FÍSICO - MATEMÁTICAS",5,3,"Tecnico en computaci?n,  Tecnico en mantenimiento ",-99.174292,19.487065,"79","82","85"
"507100",1682,7,9,"CECyT NÚM. 7 CUAUHTÉMOC RAMA DE INGENIERÍA Y CIENCIAS   FÍSICO ? MATEMÁTICAS",5,3,"Tecnico en construcci?n,  Tecnico en instalaciones",-99.026148,19.345059,"85","88","91"
"429000",1681,11,9,"CENTRO DE ESTUDIOS TECNOLÓGICOS INDUSTRIAL Y DE SERVICIOS NÚM. 1",4,3,"Componente de formaci?n b?sica,  Electricidad,   E",-98.998028,19.293312,"48","48","50"
"502100",1678,16,9,"CECyT NÚM. 2 MIGUEL BERNARD PERALES RAMA DE INGENIERÍA Y CIENCIAS   FÍSICO - MATEMÁTICAS",5,3,"Tecnico en m?quinas con sistemas automatizados,  T",-99.2127391607,19.4524706508,"83","85","89"
"603000",1678,3,9,"ESCUELA NACIONAL PREPARATORIA PLANTEL  NÚM. 6 ANTONIO CASO",6,2,"",-99.156665,19.352408,"107","109","111"
"512300",1559,15,9,"CECyT NÚM. 12 JOSÉ MA. MORELOS Y PAVÓN RAMA DE CIENCIAS SOCIALES Y ADMINISTRATIVAS",5,3,"Tecnico en administraci?n,  Tecnico en contadur?a,",-99.152352,19.462774,"80","81","85"
"16000",1547,11,9,"PLANTEL 16, TLÁHUAC MANUEL CHAVARRIA CHAVARRIA",0,2,"Inicio agosto del 2014",-99.0086515435,19.2891732677,"55","53","60"
"614000",1529,13,9,"ESCUELA NACIONAL PREPARATORIA PLANTEL  NÚM. 1 GABINO BARREDA",6,2,"",-99.1215181274,19.2725724752,"95","98","100"
"511100",1505,16,9,"CECyT NÚM. 11 WILFRIDO MASSIEU PÉREZ RAMA DE INGENIERÍA Y CIENCIAS   FÍSICO - MATEMÁTICAS",5,3,"Tecnico en construcci?n,   Tecnico en instalacione",-99.166117,19.453391,"78","80","85"
"413000",1499,5,9,"CENTRO DE ESTUDIOS TECNOLÓGICOS INDUSTRIAL Y DE SERVICIOS NÚM. 54",4,3,"Componente de formaci?n b?sica,  Contabilidad,  Of",-99.0600110847,19.4633503635,"48","48","45"
"503100",1458,33,15,"CECyT NÚM. 3 ESTANISLAO RAMÍREZ RUIZ RAMA DE INGENIERÍA Y CIENCIAS  FÍSICO ? MATEMÁTICAS",5,3,"Tecnico en computaci?n, Tecnico en sistemas de con",-99.0190086759,19.5707887772,"92","93","96"
"605000",1365,5,9,"ESCUELA NACIONAL PREPARATORIA PLANTEL  NÚM. 3 JUSTO SIERRA",6,2,"",-99.0955092589,19.4829052781,"96","99","102"
"513300",1349,3,9,"CECyT NÚM. 13 RICARDO FLORES MAGÓN RAMA DE CIENCIAS SOCIALES Y ADMINISTRATIVAS",5,3,"Tecnico en administraci?n,  Tecnico en administrac",-99.129081,19.339552,"91","92","95"
"506200",1345,2,9,"CECyT NÚM. 6 MIGUEL OTHÓN DE MENDIZÁBAL RAMA DE CIENCIAS MÉDICO - BIOLÓGICAS",5,3,"Tecnico en ecolog?a,  Tecnico en enfermer?a,   T?c",-99.158092,19.467138,"87","89","93"
"18000",1330,2,9,"PLANTEL 18, TLILHUACA AZCAPOTZALCO",0,2,"Inicio agosto del 2014",-99.2079068423,19.4879439076,"46","45","53"
"403000",1325,2,9,"CENTRO DE ESTUDIOS TECNOLÓGICOS INDUSTRIAL Y DE SERVICIOS NÚM. 4",4,3,"Componente de formaci?n b?sica,  Contabilidad,  El",-99.174892746,19.4774356757,"37","38","37"
"517100",1295,5,9,"CENTRO DE ESTUDIOS TECNOLÓGICOS WALTER CROSS BUCHANAN RAMA DE INGENIERÍA Y CIENCIAS   FÍSICO-MATEMÁTICAS",5,3,"Tecnico en automatizaci?n y control el?ctrico indu",-99.061393,19.455429,"77","80","84"
"8000",1295,4,9,"PLANTEL 8, CUAJIMALPA",0,2,"Inicio agosto del 2014",-99.284836932,19.3642050803,"51","55","59"
"15000",1291,8,9,"PLANTEL 15, CONTRERAS",0,2,"Inicio agosto del 2014",-99.2445143559,19.3104349003,"59","61","64"
"17000",1276,3,9,"PLANTEL 17, HUAYAMILPAS PEDREGAL",0,2,"Inicio agosto del 2014",-99.1526703778,19.3216445367,"65","66","70"
"608000",1275,6,9,"ESCUELA NACIONAL PREPARATORIA PLANTEL  NÚM. 2 ERASMO CASTELLANOS QUINTO",6,2,"",-99.100081,19.384211,"102","104","107"
"201000",1272,10,9,"CENTRO DE ESTUDIOS DE BACHILLERATO LIC. JESÚS REYES HEROLES",2,2,"",-99.1744193834,19.3595817912,"59","63","65"
"501100",1272,5,9,"CECyT NÚM. 1 GONZALO VÁZQUEZ VELA RAMA DE INGENIERÍA Y CIENCIAS   FÍSICO ? MATEMÁTICAS",5,3,"Tecnico en construcci?n,  Tecnico en procesos indu",-99.090929,19.467037,"80","83","87"
"20000",1246,14,9,"PLANTEL 20, DEL VALLE MATIAS ROMERO",0,2,"Inicio agosto del 2014",-99.164896873,19.3802004837,"77","79","83"
"433000",1236,13,9,"CENTRO DE ESTUDIOS TECNOLÓGICOS INDUSTRIAL Y DE SERVICIOS NÚM. 39",4,3,"Componente de formaci?n b?sica,  Administraci?n de",-99.1272089642,19.2623517648,"45","47","46"
"19000",1223,33,15,"PLANTEL 19, ECATEPEC",0,2,"Inicio agosto del 2014",-99.0261910258,19.5560297828,"50","52","57"
"422000",1215,7,9,"CENTRO DE ESTUDIOS TECNOLÓGICOS INDUSTRIAL Y DE SERVICIOS NÚM. 50",4,3,"Componente de formaci?n b?sica,  Electr?nica,  Pro",-99.076665,19.307088,"40","37","32"
"434000",1207,13,9,"CENTRO DE ESTUDIOS TECNOLÓGICOS INDUSTRIAL Y DE SERVICIOS NÚM. 49",4,3,"Componente de formaci?n b?sica,  Cosmetolog?a,  Di",-99.1273815636,19.2618079364,"54","53","53"
"445000",1161,58,15,"CENTRO DE BACHILLERATO TECNOLÓGICO INDUSTRIAL Y DE SERVICIOS NÚM. 6",4,3,"Componente de formaci?n b?sica, Contabilidad, Elec",-98.980594,19.388912,"31","31","37"
"505300",1149,15,9,"CECyT NÚM. 5 BENITO JUÁREZ GARCÍA RAMA DE CIENCIAS SOCIALES Y ADMINISTRATIVAS",5,3,"Tecnico en comercio internacional,  Tecnico en con",-99.150152,19.431505,"85","87","90"
"11000",1140,5,9,"PLANTEL 11, NUEVA ATZACOALCO",0,2,"Inicio agosto del 2014",-99.095147863,19.5040458945,"43","41","46"
"425000",1134,7,9,"CENTRO DE ESTUDIOS TECNOLÓGICOS INDUSTRIAL Y DE SERVICIOS NÚM. 153",4,3,"Componente de formaci?n b?sica,  Cosmetolog?a,  Di",-99.0612153386,19.3786794356,"61","62","65"
"418000",1124,6,9,"CENTRO DE ESTUDIOS TECNOLÓGICOS INDUSTRIAL Y DE SERVICIOS NÚM. 31",4,3,"Componente de formaci?n b?sica,  Administraci?n de",-99.093847,19.3870345181,"42","46","44"
"444000",1109,58,15,"CENTRO DE ESTUDIOS TECNOLÓGICOS INDUSTRIAL Y DE SERVICIOS NÚM. 37",4,3,"Componente de formaci?n b?sica, Contabilidad, Labo",-98.988803467,19.4017144027,"40","34","43"
"404000",1092,2,9,"CENTRO DE ESTUDIOS TECNOLÓGICOS INDUSTRIAL Y DE SERVICIOS NÚM. 33",4,3,"Componente de formaci?n b?sica,  Administraci?n de",-99.2071757963,19.5034998868,"40","42","48"
"401000",1088,10,9,"CENTRO DE ESTUDIOS TECNOLÓGICOS INDUSTRIAL Y DE SERVICIOS NÚM. 10",4,3,"Componente de formaci?n b?sica,  Diet?tica,  Geric",-99.1996025381,19.3751236921,"52","55","57"
"412000",1084,5,9,"CENTRO DE ESTUDIOS TECNOLÓGICOS INDUSTRIAL Y DE SERVICIOS NÚM. 30",4,3,"Componente de formaci?n b?sica,  Contabilidad,  El",-99.1240166958,19.4993485389,"52","56","56"
"417000",1059,5,9,"CENTRO DE ESTUDIOS TECNOLÓGICOS INDUSTRIAL Y DE SERVICIOS NÚM. 7",4,3,"Componente de formaci?n b?sica,  Contabilidad,  Co",-99.1563855251,19.5345851055,"45","42","33"
"408000",1020,15,9,"CENTRO DE ESTUDIOS TECNOLÓGICOS INDUSTRIAL Y DE SERVICIOS NÚM. 3",4,3,"Componente de formaci?n b?sica,  Administraci?n de",-99.1322672884,19.41517142,"42","42","18"
"440000",1013,33,15,"CENTRO DE BACHILLERATO TECNOLÓGICO INDUSTRIAL Y DE SERVICIOS NÚM. 29",4,3,"Componente de formaci?n b?sica, Administraci?n de ",-99.059320001,19.6054133369,"64","65","71"
"757000",1010,99,15,"PREPARATORIA OFICIAL  NÚM. 100",7,2,"",-98.893044,19.504921,"64","64","69"
"415000",1003,5,9,"CENTRO DE ESTUDIOS TECNOLÓGICOS INDUSTRIAL Y DE SERVICIOS NÚM. 56",4,3,"Componente de formaci?n b?sica,  Administraci?n de",-99.1014220675,19.4584896962,"37","35","39"
"14000",995,9,9,"PLANTEL 14, MILPA ALTA FIDENCIO VILLANUEVA ROJAS",0,2,"Inicio agosto del 2014",-99.0221024248,19.1917154352,"58","58","61"
"405000",963,14,9,"CENTRO DE ESTUDIOS TECNOLÓGICOS INDUSTRIAL Y DE SERVICIOS NÚM. 5",4,3,"Componente de formaci?n b?sica,  Trabajo social",-99.1573635767,19.3648443006,"48","51","55"
"423000",963,7,9,"CENTRO DE ESTUDIOS TECNOLÓGICOS INDUSTRIAL Y DE SERVICIOS NÚM. 53",4,3,"Componente de formaci?n b?sica,  Contabilidad,  Di",-99.0520267606,19.3569127977,"48","44","41"
"448000",961,104,15,"CENTRO DE BACHILLERATO TECNOLÓGICO INDUSTRIAL Y DE SERVICIOS NÚM. 50",4,3,"Componente de formaci?n b?sica, Administraci?n de ",-99.2002776667,19.5603157517,"38","35","45"
"799000",926,39,15,"PREPARATORIA OFICIAL NÚM. 161",7,2,"",-98.895278,19.306972,"41","41","46"
"406000",919,3,9,"CENTRO DE ESTUDIOS TECNOLÓGICOS INDUSTRIAL Y DE SERVICIOS NÚM. 2",4,3,"Componente de formaci?n b?sica,  Arquitectura,  Di",-99.1563744577,19.3504044732,"67","68","75"
"424000",908,7,9,"CENTRO DE ESTUDIOS TECNOLÓGICOS INDUSTRIAL Y DE SERVICIOS NÚM. 57",4,3,"Componente de formaci?n b?sica,  Enfermer?a genera",-99.0541508307,19.3859004964,"61","63","68"
"432000",873,17,9,"CENTRO DE ESTUDIOS TECNOLÓGICOS INDUSTRIAL Y DE SERVICIOS NÚM. 51",4,3,"Componente de formaci?n b?sica,  Preparaci?n de al",-99.0608882904,19.432924246,"52","55","55"
"515200",868,9,9,"CECyT NÚM. 15 DIÓDORO ANTÉNEZ ECHEGARAY RAMA DE CIENCIAS   MÉDICO ? BIOLÓGICAS",5,3,"Tecnico en alimentos,  Tecnico laboratorista cl?ni",-98.9957372884,19.2216326928,"84","86","89"
"419000",866,6,9,"CENTRO DE ESTUDIOS TECNOLÓGICOS INDUSTRIAL Y DE SERVICIOS NÚM. 76",4,3,"Componente de formaci?n b?sica,  Enfermer?a genera",-99.12215,19.3847113968,"70","72","71"
"426000",854,16,9,"CENTRO DE ESTUDIOS TECNOLÓGICOS INDUSTRIAL Y DE SERVICIOS NÚM. 8",4,3,"Componente de formaci?n b?sica,  Administraci?n de",-99.1839695119,19.4398951502,"42","39","40"
"409000",850,15,9,"CENTRO DE ESTUDIOS TECNOLÓGICOS INDUSTRIAL Y DE SERVICIOS NÚM. 9",4,3,"Componente de formaci?n b?sica,  Administraci?n de",-99.1409879378,19.4388903929,"44","45","50"
"431000",823,17,9,"CENTRO DE ESTUDIOS TECNOLÓGICOS INDUSTRIAL Y DE SERVICIOS NÚM. 32",4,3,"Componente de formaci?n b?sica,  Administraci?n de",-99.0682744155,19.4228575582,"43","42","45"
"202000",818,16,9,"CENTRO DE ESTUDIOS DE BACHILLERATO MTRO. MOISÉS SÁENZ GARZA",2,2,"",-99.1705448601,19.448664454,"64","68","72"
"301000",810,122,15,"CENTRO DE BACHILLERATO TECNOLÓGICO AGROPECUARIO NÚM. 35",3,3,"Tecnico en agroindustrias, Tecnico agropecuario, T",-98.9550955505,19.3313675905,"31","31","20"
"442000",809,33,15,"CENTRO DE ESTUDIOS TECNOLÓGICOS INDUSTRIAL Y DE SERVICIOS NÚM. 65",4,3,"Componente de formaci?n b?sica, Administraci?n de ",-99.0195881454,19.6137029642,"31","31","37"
"509100",807,16,9,"CECyT NÚM. 9 JUAN DE DIOS BÁTIZ PAREDES RAMA DE INGENIERÍA Y CIENCIAS   FÍSICO - MATEMÁTICAS",5,3,"Tecnico en m?quinas con sistemas automatizados,  T",-99.175188,19.453978,"101","102","105"
"514300",799,17,9,"CECyT NÚM. 14 LUIS ENRIQUE ERRO SOLER RAMA DE CIENCIAS SOCIALES Y ADMINISTRATIVAS",5,3,"Tecnico en contadur?a,  Tecnico en Informatica,  T",-99.1153110021,19.446191901,"82","84","88"
"713000",772,25,15,"PREPARATORIA OFICIAL  NÚM. 30",7,2,"",-98.886196,19.267017,"60","60","63"
"714000",770,25,15,"PREPARATORIA OFICIAL  NÚM. 54",7,2,"",-98.9158689167,19.2875897505,"43","42","44"
"402000",769,10,9,"CENTRO DE ESTUDIOS TECNOLÓGICOS INDUSTRIAL Y DE SERVICIOS NÚM. 52",4,3,"Componente de formaci?n b?sica,  Administraci?n de",-99.2799118902,19.3261869355,"45","48","52"
"443000",765,33,15,"CENTRO DE ESTUDIOS TECNOLÓGICOS INDUSTRIAL Y DE SERVICIOS NÚM. 119",4,3,"Componente de formaci?n b?sica, Dise?o de modas, P",-99.0302570172,19.5132483651,"43","36","41"
"438000",763,121,15,"CENTRO DE BACHILLERATO TECNOLÓGICO INDUSTRIAL Y DE SERVICIOS NÚM. 160",4,3,"Componente de formaci?n b?sica, Administraci?n de ",-99.185793,19.690395,"39","41","50"
"435000",758,13,15,"CENTRO DE ESTUDIOS TECNOLÓGICOS INDUSTRIAL Y DE SERVICIOS NÚM. 35",4,3,"Componente de formaci?n b?sica, Administraci?n de ",-99.2642217054,19.5699449712,"41","41","47"
"749000",749,70,15,"PREPARATORIA OFICIAL  NÚM. 7",7,2,"",-98.9654442381,19.3575912386,"54","54","59"
"420000",737,7,9,"CENTRO DE ESTUDIOS TECNOLÓGICOS INDUSTRIAL Y DE SERVICIOS NÚM. 6",4,3,"Componente de formaci?n b?sica,  Electricidad,  Me",-99.1061147881,19.3454097316,"31","31","15"
"450000",726,109,15,"CENTRO DE ESTUDIOS TECNOLÓGICOS INDUSTRIAL Y DE SERVICIOS NÚM. 36",4,3,"Componente de formaci?n b?sica, Contabilidad, Mec?",-99.1790303889,19.6125228296,"38","37","43"
"730000",720,33,15,"PREPARATORIA OFICIAL  NÚM. 115",7,2,"",-99.0216155926,19.5183910649,"45","43","46"
"441000",716,33,15,"CENTRO DE BACHILLERATO TECNOLÓGICO INDUSTRIAL Y DE SERVICIOS NÚM. 202",4,3,"Componente de formaci?n b?sica, Log?stica, Laborat",-98.9968804246,19.5932295448,"49","52","59"
"710000",714,121,15,"PREPARATORIA OFICIAL  NÚM. 11",7,2,"",-99.2132942213,19.6725070069,"71","71","77"
"737000",679,57,15,"PREPARATORIA OFICIAL  NÚM. 24",7,2,"",-99.2553806305,19.4539877888,"50","50","57"
"421000",674,7,9,"CENTRO DE ESTUDIOS TECNOLÓGICOS INDUSTRIAL Y DE SERVICIOS NÚM. 42",4,3,"Componente de formaci?n b?sica,  Administraci?n de",-99.000453,19.346026,"31","35","22"
"711000",673,121,15,"PREPARATORIA OFICIAL   NÚM. 114",7,2,"",-99.2328304725,19.6175003491,"33","31","42"
"414000",670,5,9,"CENTRO DE ESTUDIOS TECNOLÓGICOS INDUSTRIAL Y DE SERVICIOS NÚM. 55",4,3,"Componente de formaci?n b?sica,  Administraci?n de",-99.1029773902,19.5074030169,"40","36","42"
"703000",667,13,15,"PREPARATORIA OFICIAL  NÚM. 87",7,2,"",-99.2671976232,19.5947749291,"51","52","58"
"430000",662,12,9,"CENTRO DE ESTUDIOS TECNOLÓGICOS INDUSTRIAL Y DE SERVICIOS NÚM. 154",4,3,"Componente de formaci?n b?sica,  Administraci?n de",-99.1605322712,19.2684345114,"50","52","57"
"773000",656,121,15,"PREPARATORIA OFICIAL  NÚM. 126",7,2,"",-99.2249536514,19.651176131,"38","35","48"
"449000",652,104,15,"CENTRO DE BACHILLERATO TECNOLÓGICO INDUSTRIAL Y DE SERVICIOS NÚM. 227",4,3,"Componente de formaci?n b?sica, Administraci?n de ",-99.185364,19.518224,"31","31","20"
"883000",635,13,15,"PREPARATORIA OFICIAL  NÚM. 210",8,2,"",-99.2193619679,19.5949694457,"31","31","32"
"121313",628,9,9,"CONALEP MILPA ALTA",1,1,"Enfermer?a general",-99.0658436087,19.1857163261,"52","56","59"
"785000",625,39,15,"PREPARATORIA OFICIAL NÚM. 141",7,2,"",-98.8621097803,19.3030480606,"31","31","24"
"416000",601,5,9,"CENTRO DE ESTUDIOS TECNOLÓGICOS INDUSTRIAL Y DE SERVICIOS NÚM. 166",4,3,"Componente de formaci?n b?sica,  Administraci?n de",-99.1479980203,19.5183815925,"52","54","57"
"439000",601,25,15,"CENTRO DE ESTUDIOS TECNOLÓGICOS INDUSTRIAL Y DE SERVICIOS NÚM. 96",4,3,"Componente de formaci?n b?sica, Administraci?n de ",-98.834330204,19.276302186,"41","39","47"
"742000",559,58,15,"PREPARATORIA OFICIAL  NÚM. 82",7,2,"",-99.004927,19.382703,"42","35","40"
"751000",558,81,15,"PREPARATORIA OFICIAL  NÚM. 22",7,2,"",-99.0053636062,19.6739232817,"51","50","54"
"736000",553,39,15,"PREPARATORIA OFICIAL  NÚM. 74",7,2,"",-98.881190372,19.3118318658,"56","57","57"
"739000",546,58,15,"PREPARATORIA OFICIAL  NÚM. 12",7,2,"",-99.063313,19.493487,"58","55","61"
"708000",545,121,15,"PREPARATORIA OFICIAL  NÚM. 113",7,2,"",-99.2212567832,19.67392752,"49","44","50"
"724000",540,31,15,"COLEGIO DE BACHILLERES DEL ESTADO DE MÉXICO PLANTEL 03 CHIMALHUACÁN SUR",7,2,"",-98.9269174577,19.4172812884,"31","31","34"
"437000",536,20,15,"CENTRO DE BACHILLERATO TECNOLÓGICO INDUSTRIAL Y DE SERVICIOS NÚM. 133",4,3,"Componente de formaci?n b?sica, Construcci?n, Sopo",-99.096444,19.643376,"56","56","63"
"727000",532,33,15,"PREPARATORIA OFICIAL  NÚM. 81",7,2,"",-98.995909297,19.5947129793,"57","58","63"
"702000",531,13,15,"PREPARATORIA OFICIAL  NÚM. 64",7,2,"",-99.2683695562,19.5613326276,"49","49","56"
"132313",522,121,15,"CONALEP CUAUTITLÁN",1,1,"Enfermer?a general",-99.213066,19.671272027,"45","49","56"
"716000",517,25,15,"PREPARATORIA OFICIAL ANEXA A LA NORMAL DE CHALCO",7,2,"",-98.888583,19.267397,"76","76","78"
"411000",515,15,9,"CENTRO DE ESTUDIOS TECNOLÓGICOS INDUSTRIAL Y DE SERVICIOS NÚM. 13",4,3,"Componente de formaci?n b?sica,  Contabilidad,  Pr",-99.1505971779,19.4289274736,"56","60","64"
"446000",500,99,15,"CENTRO DE ESTUDIOS TECNOLÓGICOS INDUSTRIAL Y DE SERVICIOS NÚM. 97",4,3,"Componente de formaci?n b?sica, Administraci?n de ",-98.832074,19.510973,"49","52","60"
"447000",488,104,15,"CENTRO DE ESTUDIOS TECNOLÓGICOS INDUSTRIAL Y DE SERVICIOS NÚM. 165",4,3,"Componente de formaci?n b?sica, Dise?o gr?fico dig",-99.1665995251,19.512149465,"33","36","19"
"922000",485,33,15,"PREPARATORIA OFICIAL  NÚM. 259",8,2,"",-99.0409272909,19.5264044429,"31","35","42"
"779000",482,58,15,"PREPARATORIA OFICIAL NÚM. 121",7,2,"",-99.007394,19.418784,"31","31","21"
"744000",478,58,15,"PREPARATORIA OFICIAL  NÚM. 95",7,2,"",-99.047885,19.428756,"39","31","26"
"105313",474,3,9,"CONALEP COYOACÁN",1,1,"Enfermer?a general",-99.1085666908,19.3252129261,"69","73","74"
"123302",474,12,9,"CONALEP TLALPAN I",1,1,"Alimentos y bebidas",-99.1631426386,19.298209844,"70","75","73"
"789000",472,29,15,"PREPARATORIA OFICIAL  NÚM. 143",7,2,"",-98.884935379,19.4204183718,"31","31","28"
"428000",460,9,9,"CENTRO DE ESTUDIOS TECNOLÓGICOS INDUSTRIAL Y DE SERVICIOS NÚM. 167",4,3,"Componente de formaci?n b?sica,  Ofim?tica,  Prepa",-99.0973773386,19.1940136487,"50","51","55"
"732000",457,33,15,"COLEGIO DE BACHILLERES DEL ESTADO DE MÉXICO PLANTEL 10 ECATEPEC NORTE",7,2,"",-99.026535,19.601639,"40","38","39"
"427000",452,16,9,"CENTRO DE ESTUDIOS TECNOLÓGICOS INDUSTRIAL Y DE SERVICIOS NÚM. 152",4,3,"Componente de formaci?n b?sica,  Contabilidad,  El",-99.1909217834,19.4084377321,"34","36","34"
"770000",450,122,15,"COLEGIO DE BACHILLERES DEL ESTADO DE MÉXICO PLANTEL 04 VALLE DE CHALCO SOLIDARIDAD",7,2,"",-98.952967,19.297454,"31","31","26"
"754000",446,81,15,"PREPARATORIA OFICIAL  NÚM. 216",7,2,"",-98.973354027,19.6707116652,"48","47","51"
"762000",443,104,15,"PREPARATORIA OFICIAL ANEXA A LA NORMAL DE TLALNEPANTLA",7,2,"",-99.1764487303,19.5211243496,"64","68","71"
"761000",440,104,15,"PREPARATORIA OFICIAL  NÚM. 103",7,2,"",-99.169802,19.544428,"54","55","63"
"764000",434,109,15,"PREPARATORIA OFICIAL  NÚM. 34",7,2,"",-99.094411,19.682076,"38","38","49"
"776000",434,20,15,"PREPARATORIA OFICIAL NÚM. 137",7,2,"",-99.101743279,19.6501921152,"67","67","74"
"735000",432,37,15,"COLEGIO DE BACHILLERES DEL ESTADO DE MÉXICO PLANTEL 09 HUIXQUILUCAN SUR",7,2,"",-99.322772384,19.4129511504,"36","32","43"
"734000",430,37,15,"PREPARATORIA OFICIAL  NÚM. 89",7,2,"",-99.298109049,19.375135173,"51","52","57"
"823087",429,60,15,"COLEGIO DE ESTUDIOS CIENTÍFICOS Y TECNOLÓGICOS DEL ESTADO DE MÉXICO PLANTEL NICOLÁS ROMERO I",8,3,"Programaci?n",-99.2751156697,19.6029530342,"-","-","41"
"705000",428,20,15,"PREPARATORIA OFICIAL  NÚM. 52",7,2,"",-99.088681,19.61522,"60","61","69"
"876000",428,20,15,"PREPARATORIA OFICIAL  NÚM. 170",8,2,"",-99.0939310976,19.6130686752,"45","45","55"
"788000",425,60,15,"PREPARATORIA OFICIAL NÚM. 148",7,2,"",-99.298478,19.616728,"55","56","63"
"750000",416,70,15,"PREPARATORIA OFICIAL ANEXA A LA NORMAL DE LOS REYES ACAQUILPAN",7,2,"",-98.9678017495,19.358062974,"67","70","74"
"768000",415,122,15,"PREPARATORIA OFICIAL  NÚM. 92",7,2,"",-98.9559388161,19.323212143,"31","31","27"
"760000",412,104,15,"PREPARATORIA OFICIAL  NÚM. 97",7,2,"",-99.1135052627,19.5366599954,"31","31","24"
"718000",408,29,15,"PREPARATORIA OFICIAL  NÚM. 55",7,2,"",-98.926424,19.402498,"31","31","24"
"733000",407,33,15,"COLEGIO DE BACHILLERES DEL ESTADO DE MÉXICO PLANTEL 02 ECATEPEC SUR",7,2,"",-99.068006093,19.514127066,"31","31","26"
"146313",405,58,15,"CONALEP NEZAHUALCÓYOTL I",1,1,"Enfermer?a general",-99.0361314577,19.4784827373,"49","51","58"
"150336",402,70,15,"CONALEP LOS REYES LA PAZ",1,1,"Autotr?nica",-98.937485218,19.3855465901,"31","31","33"
"824087",402,70,15,"COLEGIO DE ESTUDIOS CIENTÍFICOS Y TECNOLÓGICOS DEL ESTADO DE MÉXICO PLANTEL LA PAZ",8,3,"Programaci?n",-98.9491528273,19.3748361342,"-","-","26"
"795000",401,121,15,"PREPARATORIA OFICIAL  NÚM. 163",7,2,"",-99.199360013,19.6305428538,"32","31","42"
"109316",395,5,9,"CONALEP GUSTAVO  A. MADERO I",1,1,"Inform?tica",-99.1436827183,19.5307758389,"37","33","26"
"719000",393,31,15,"PREPARATORIA OFICIAL  NÚM. 16",7,2,"",-98.943332,19.440947,"31","31","25"
"745000",390,58,15,"PREPARATORIA OFICIAL ANEXA A LA NORMAL NÚM. 1 DE NEZAHUALCÓYOTL",7,2,"",-99.009883,19.405574,"76","79","82"
"133316",389,121,15,"CONALEP ING. BERNARDO QUINTANA ARRIOJA - CUAUTITLÁN",1,1,"Inform?tica",-99.2103303558,19.6749088975,"31","31","25"
"451000",388,109,15,"CENTRO DE ESTUDIOS TECNOLÓGICOS INDUSTRIAL Y DE SERVICIOS NÚM. 95",4,3,"Componente de formaci?n b?sica, Contabilidad, Prog",-99.1568825394,19.6269338316,"31","31","22"
"134313",386,25,15,"CONALEP CHALCO",1,1,"Enfermer?a general",-98.90679,19.271336,"51","54","60"
"879000",381,108,15,"PREPARATORIA OFICIAL  NÚM. 181",8,2,"",-99.1199547563,19.6833680467,"31","31","37"
"940000",378,58,15,"PREPARATORIA OFICIAL NÚM. 267",8,2,"",-99.0252428857,19.3899390545,"-","31","26"
"755000",376,95,15,"PREPARATORIA OFICIAL  NÚM. 27",7,2,"",-99.225179,19.708738,"49","53","63"
"102316",373,10,9,"CONALEP ÁLVARO OBREGÓN II",1,1,"Inform?tica",-99.2140804842,19.3541847371,"50","51","47"
"771000",372,104,15,"PREPARATORIA OFICIAL  NÚM. 118",7,2,"",-99.088319242,19.5308189709,"31","31","27"
"119301",371,8,9,"CONALEP COMERCIO Y FOMENTO INDUSTRIAL (SECOFI)",1,1,"Administraci?n",-99.2686351101,19.304504545,"31","31","26"
"410000",364,15,9,"CENTRO DE ESTUDIOS TECNOLÓGICOS INDUSTRIAL Y DE SERVICIOS NÚM. 11",4,3,"Componente de formaci?n b?sica,  Dise?o gr?fico di",-99.1524746356,19.4292184116,"67","67","75"
"132302",363,121,15,"CONALEP CUAUTITLÁN",1,1,"Alimentos y bebidas",-99.213066,19.671171,"57","58","58"
"835088",362,58,15,"COLEGIO DE ESTUDIOS CIENTÍFICOS Y TECNOLÓGICOS DEL ESTADO DE MÉXICO PLANTEL NEZAHUALCÓYOTL II",8,3,"Soporte y mantenimiento de equipo de c?mputo",-99.0125664782,19.4205535473,"-","-","56"
"407000",358,4,9,"CENTRO DE ESTUDIOS TECNOLÓGICOS INDUSTRIAL Y DE SERVICIOS NÚM. 29",4,3,"Componente de formaci?n b?sica,  Laboratorio cl?ni",-99.3160409959,19.3508397514,"45","47","51"
"128303",357,13,9,"CONALEP XOCHIMILCO",1,1,"Asistente directivo",-99.1292461839,19.2695232347,"46","49","47"
"717000",354,29,15,"PREPARATORIA OFICIAL  NÚM. 15",7,2,"",-98.902895,19.420014,"31","31","21"
"712000",352,121,15,"PREPARATORIA OFICIAL ANEXA A LA NORMAL DE CUAUTITLÁN IZCALLI",7,2,"",-99.20429,19.649145,"87","86","91"
"436000",351,13,15,"CENTRO DE ESTUDIOS TECNOLÓGICOS INDUSTRIAL Y DE SERVICIOS NÚM. 92",4,3,"Componente de formaci?n b?sica, Administraci?n de ",-99.2458105087,19.53243096,"34","32","37"
"807044",349,25,15,"CENTRO DE BACHILLERATO TECNOLÓGICO NÚM. 2 ÁNGEL MARÍA GARIBAY KINTANA",8,3,"Enfermer?a general",-98.8182623311,19.2287426402,"51","56","60"
"780000",348,60,15,"COLEGIO DE BACHILLERES DEL ESTADO DE MÉXICO PLANTEL 15 NICOLÁS ROMERO",7,2,"",-99.3745468281,19.65869644,"37","31","35"
"131316",345,20,15,"CONALEP COACALCO",1,1,"Inform?tica",-99.11877,19.642972,"43","44","47"
"767000",345,122,15,"PREPARATORIA OFICIAL  NÚM. 88",7,2,"",-98.954555,19.27477,"31","31","25"
"822055",344,58,15,"COLEGIO DE ESTUDIOS CIENTÍFICOS Y TECNOLÓGICOS DEL ESTADO DE MÉXICO PLANTEL NEZAHUALCÓYOTL",8,3,"Tecnico en trabajo social",-99.053341,19.488774,"51","46","43"
"127302",341,17,9,"CONALEP VENUSTIANO CARRANZA II",1,1,"Alimentos y bebidas",-99.0588784527,19.4228734044,"71","69","65"
"132314",341,121,15,"CONALEP CUAUTITLÁN",1,1,"Hospitalidad tur?stica",-99.2131518307,19.6713629512,"31","31","27"
"120302",340,8,9,"CONALEP MAGDALENA CONTRERAS",1,1,"Alimentos y bebidas",-99.2297107531,19.3111469596,"60","64","61"
"784000",340,37,15,"COLEGIO DE BACHILLERES DEL ESTADO DE MÉXICO PLANTEL 17 HUIXQUILUCAN NORTE",7,2,"",-99.2756612719,19.4166384788,"31","31","38"
"122304",337,11,9,"CONALEP TLÁHUAC",1,1,"Mantenimiento automotriz",-98.9947650698,19.2850904053,"44","43","43"
"124301",334,12,9,"CONALEP TLALPAN II",1,1,"Administraci?n",-99.2066587977,19.2826758283,"49","53","55"
"763000",334,108,15,"PREPARATORIA OFICIAL  NÚM. 31",7,2,"",-99.107506,19.689521,"36","36","44"
"112303",330,6,9,"CONALEP IZTACALCO I",1,1,"Asistente directivo",-99.0662235326,19.4032054227,"31","31","20"
"122306",329,11,9,"CONALEP TLÁHUAC",1,1,"Contabilidad",-98.9948308468,19.2851802928,"33","31","25"
"741000",328,58,15,"PREPARATORIA OFICIAL  NÚM. 28",7,2,"",-98.981945881,19.3750111212,"48","44","46"
"794000",328,99,15,"PREPARATORIA OFICIAL   NÚM. 188",7,2,"",-98.8582848135,19.4838640212,"48","33","46"
"921000",326,33,15,"PREPARATORIA OFICIAL  NÚM. 258",8,2,"",-99.016557,19.579422,"50","51","63"
"709000",325,121,15,"PREPARATORIA OFICIAL  NÚM. 67",7,2,"",-99.2049333558,19.6869069158,"62","61","67"
"725000",325,33,15,"PREPARATORIA OFICIAL  NÚM. 48",7,2,"",-99.0091182591,19.6425674934,"33","31","28"
"792000",325,81,15,"COLEGIO DE BACHILLERES DEL ESTADO DE MÉXICO PLANTEL 19 TECÁMAC",7,2,"",-99.0174472738,19.6292090519,"31","31","23"
"790000",324,37,15,"PREPARATORIA OFICIAL  NÚM. 149",7,2,"",-99.281173,19.389306,"39","39","40"
"110304",323,5,9,"CONALEP GUSTAVO A.  MADERO II",1,1,"Mantenimiento automotriz",-99.0870451184,19.5052505586,"45","45","41"
"766000",323,109,15,"PREPARATORIA OFICIAL  NÚM. 105",7,2,"",-99.130787,19.631856,"51","53","60"
"721000",322,31,15,"PREPARATORIA OFICIAL  NÚM. 75",7,2,"",-98.975089545,19.4084280936,"31","31","26"
"765000",321,109,15,"PREPARATORIA OFICIAL  NÚM. 68",7,2,"",-99.176459,19.607481,"47","50","58"
"112315",320,6,9,"CONALEP IZTACALCO I",1,1,"Industria del vestido",-99.0662235326,19.4033673344,"40","39","30"
"704000",316,13,15,"PREPARATORIA OFICIAL ANEXA A LA NORMAL DE ATIZAPÁN",7,2,"",-99.2526868019,19.5576970168,"73","76","81"
"128327",314,13,9,"CONALEP XOCHIMILCO",1,1,"Qu?mica industrial",-99.1291128222,19.2696102909,"43","45","41"
"753000",314,81,15,"PREPARATORIA OFICIAL  NÚM. 73",7,2,"",-98.969747,19.688506,"37","35","27"
"129316",312,13,15,"CONALEP ATIZAPÁN I",1,1,"Inform?tica",-99.2666626029,19.5525567629,"31","36","38"
"106316",307,4,9,"CONALEP SANTA FE",1,1,"Inform?tica",-99.2842454119,19.3508455774,"46","45","41"
"832067",307,122,15,"COLEGIO DE ESTUDIOS CIENTÍFICOS Y TECNOLÓGICOS  DEL ESTADO DE MÉXICO PLANTEL VALLE DE CHALCO SOLIDARIDAD I",8,3,"Tecnico en mantenimiento de equipo y sistemas",-98.950381,19.3031445139,"45","49","59"
"729000",303,33,15,"PREPARATORIA OFICIAL  NÚM. 110",7,2,"",-99.0707588196,19.5737207057,"31","31","22"
"112311",300,6,9,"CONALEP IZTACALCO I",1,1,"Electromec?nica industrial",-99.066395194,19.4032054227,"43","42","24"
"886000",299,81,15,"COLEGIO DE BACHILLERES DEL ESTADO DE MÉXICO  PLANTEL 35 TECÁMAC",8,2,"",-99.0395700932,19.6352262355,"31","31","27"
"701000",297,2,15,"PREPARATORIA OFICIAL  NÚM. 107",7,2,"",-98.9034056332,19.6408299967,"31","31","21"
"820044",296,58,15,"CENTRO DE BACHILLERATO TECNOLÓGICO NÚM. 1 REFUGIO ESTÉVES REYES",8,3,"Enfermer?a general",-98.980905,19.391082,"53","56","63"
"117316",295,7,9,"CONALEP IZTAPALAPA III",1,1,"Inform?tica",-99.0791640879,19.3345832117,"43","39","24"
"841066",292,24,15,"CENTRO DE BACHILLERATO TECNOLÓGICO NÚM. 2",8,3,"Tecnico en dise?o asistido por computadora",-99.1455313346,19.6839149034,"52","53","56"
"731000",287,33,15,"PREPARATORIA OFICIAL ANEXA A LA NORMAL DE ECATEPEC",7,2,"",-99.041051216,19.6054846212,"83","85","88"
"113322",284,7,9,"CONALEP AZTAHUACAN",1,1,"Optometr?a",-99.0318161554,19.357296981,"31","31","22"
"102303",283,10,9,"CONALEP ÁLVARO OBREGÓN II",1,1,"Asistente directivo",-99.2138444498,19.3542859624,"32","35","38"
"901000",282,99,15,"PLANTEL TEXCOCO DE LA ESCUELA PREPARATORIA",9,2,"",-98.884114596,19.5026506693,"83","83","86"
"738000",281,57,15,"PREPARATORIA OFICIAL ANEXA A LA NORMAL DE NAUCALPAN",7,2,"",-99.2703815375,19.502328812,"73","75","80"
"752000",273,81,15,"PREPARATORIA OFICIAL  NÚM. 37",7,2,"",-98.9940047264,19.7668714087,"44","42","46"
"775000",272,25,15,"PREPARATORIA OFICIAL  NÚM. 127",7,2,"",-98.9254903915,19.2326745788,"31","31","25"
"104316",271,2,9,"CONALEP CENTRO MÉXICO-CANADÁ",1,1,"Inform?tica",-99.2152494578,19.4839232055,"32","32","23"
"127314",269,17,9,"CONALEP VENUSTIANO CARRANZA II",1,1,"Hospitalidad tur?stica",-99.0588609614,19.4228733643,"42","44","30"
"108334",267,5,9,"CONALEP ARAGÓN",1,1,"Expresi?n gr?fica digital",-99.071086547,19.4510335748,"49","40","41"
"128305",267,13,9,"CONALEP XOCHIMILCO",1,1,"Construcci?n",-99.1291515557,19.2696371608,"41","43","41"
"831087",266,109,15,"COLEGIO DE ESTUDIOS CIENTÍFICOS Y TECNOLÓGICOS DEL ESTADO DE MÉXICO PLANTEL TULTITLÁN",8,3,"Programaci?n",-99.0871524811,19.6739690481,"-","-","63"
"101314",265,10,9,"CONALEP ÁLVARO OBREGÓN I",1,1,"Hospitalidad tur?stica",-99.217103534,19.3605836843,"41","47","49"
"114316",265,7,9,"CONALEP IZTAPALAPA V",1,1,"Inform?tica",-99.0064680522,19.3727266899,"37","35","26"
"740000",263,58,15,"PREPARATORIA OFICIAL  NÚM. 18",7,2,"",-99.051726,19.4078,"31","31","25"
"748000",263,58,15,"PREPARATORIA OFICIAL ANEXA A LA NORMAL NÚM. 4 DE NEZAHUALCÓYOTL",7,2,"",-99.025322,19.417636,"69","70","73"
"110316",259,5,9,"CONALEP GUSTAVO A.  MADERO II",1,1,"Inform?tica",-99.0870880337,19.5051089748,"47","43","41"
"759000",259,104,15,"PREPARATORIA OFICIAL  NÚM. 69",7,2,"",-99.113524,19.515402,"31","31","21"
"108316",258,5,9,"CONALEP ARAGÓN",1,1,"Inform?tica",-99.0710758181,19.4506997299,"42","43","48"
"120316",257,8,9,"CONALEP MAGDALENA CONTRERAS",1,1,"Inform?tica",-99.2297107531,19.3111469596,"50","53","54"
"838087",257,108,15,"COLEGIO DE ESTUDIOS CIENTÍFICOS Y TECNOLÓGICOS DEL ESTADO DE MÉXICO PLANTEL TULTEPEC",8,3,"Programaci?n",-99.1078168998,19.6639986512,"-","-","52"
"804085",255,20,15,"COLEGIO DE ESTUDIOS CIENTÍFICOS Y TECNOLÓGICOS  DEL ESTADO DE MÉXICO PLANTEL COACALCO",8,3,"Desarrollo Organizacional",-99.101099968,19.6215687943,"-","-","46"
"106303",254,4,9,"CONALEP SANTA FE",1,1,"Asistente directivo",-99.284272234,19.350840516,"31","33","24"
"123316",253,12,9,"CONALEP TLALPAN I",1,1,"Inform?tica",-99.1631640963,19.298189592,"59","69","66"
"137316",253,33,15,"CONALEP ECATEPEC I",1,1,"Inform?tica",-99.001911627,19.6468265309,"31","31","18"
"923000",253,33,15,"PREPARATORIA OFICIAL  NÚM. 260",8,2,"",-99.0128657389,19.6189158868,"46","31","28"
"105331",245,3,9,"CONALEP COYOACÁN",1,1,"Terapia respiratoria",-99.1084915889,19.3252129261,"51","62","61"
"122312",243,11,9,"CONALEP TLÁHUAC",1,1,"Mantenimiento de sistemas electr?nicos",-98.9947650698,19.2850701517,"37","37","20"
"845070",243,99,15,"CENTRO DE BACHILLERATO TECNOLÓGICO NÚM. 2",8,3,"Tecnico en gastronom?a",-98.9048588307,19.4902810348,"65","63","51"
"136310",241,33,15,"CONALEP CIUDAD AZTECA",1,1,"Electricidad industrial",-99.0317590847,19.5479083679,"32","31","34"
"815053",241,39,15,"CENTRO DE BACHILLERATO TECNOLÓGICO NÚM. 1 DR. LEOPOLDO RÍO DE LA LOZA",8,3,"Tecnico laboratorista qu?mico",-98.9367266681,19.3179178729,"48","47","50"
"855046",240,13,15,"CENTRO DE BACHILLERATO TECNOLÓGICO",8,3,"Tecnico en Informatica",-99.2291808128,19.5448675243,"-","-","22"
"143302",239,57,15,"CONALEP NAUCALPAN I",1,1,"Alimentos y bebidas",-99.2690706253,19.4446703916,"54","57","58"
"144301",238,57,15,"CONALEP NAUCALPAN II",1,1,"Administraci?n",-99.2500345663,19.4449446778,"31","31","43"
"803046",238,20,15,"CENTRO DE BACHILLERATO TECNOLÓGICO MARÍA LUISA MARINA DE SUÁREZ",8,3,"Tecnico en Informatica",-99.086906,19.627359,"40","42","49"
"810087",238,31,15,"COLEGIO DE ESTUDIOS CIENTÍFICOS Y TECNOLÓGICOS DEL ESTADO DE MÉXICO PLANTEL CHIMALHUACÁN",8,3,"Programaci?n",-98.9425760508,19.4433501308,"-","-","29"
"844070",238,81,15,"CENTRO DE BACHILLERATO TECNOLÓGICO NÚM. 3",8,3,"Tecnico en gastronom?a",-98.997203,19.6780061,"69","69","64"
"102306",237,10,9,"CONALEP ÁLVARO OBREGÓN II",1,1,"Contabilidad",-99.2138444498,19.3542859624,"44","42","24"
"124311",237,12,9,"CONALEP TLALPAN II",1,1,"Electromec?nica industrial",-99.2066587977,19.2826758283,"47","51","52"
"124327",230,12,9,"CONALEP TLALPAN II",1,1,"Qu?mica industrial",-99.2066587977,19.2826758283,"43","46","41"
"153316",230,104,15,"CONALEP GUSTAVO BAZ - TLALNEPANTLA",1,1,"Inform?tica",-99.2030456442,19.565937,"44","44","46"
"139336",229,33,15,"CONALEP ECATEPEC III",1,1,"Autotr?nica",-99.0623317202,19.625838689,"31","31","22"
"927000",229,81,15,"PREPARATORIA OFICIAL  NÚM. 243",8,2,"",-99.0365982056,19.6525300561,"31","31","31"
"118317",228,7,9,"CONALEP IZTAPALAPA IV",1,1,"Soporte y mantenimiento de equipo de c?mputo",-99.069482373,19.291732,"34","31","21"
"131306",225,20,15,"CONALEP COACALCO",1,1,"Contabilidad",-99.11877,19.642972,"31","31","27"
"151319",225,81,15,"CONALEP TECÁMAC",1,1,"Mantenimiento de sistemas autom?ticos",-98.977761,19.696708,"31","31","22"
"758000",225,99,15,"PREPARATORIA OFICIAL ANEXA A LA NORMAL DE TEXCOCO",7,2,"",-98.9819455147,19.6172434432,"80","80","84"
"813087",225,33,15,"COLEGIO DE ESTUDIOS CIENTÍFICOS Y TECNOLÓGICOS DEL ESTADO DE MÉXICO PLANTEL ECATEPEC",8,3,"Programaci?n",-99.0549981594,19.598121572,"-","-","61"
"120306",224,8,9,"CONALEP MAGDALENA CONTRERAS",1,1,"Contabilidad",-99.2297107531,19.3111469596,"31","31","15"
"787000",224,39,15,"COLEGIO DE BACHILLERES DEL ESTADO DE MÉXICO PLANTEL 18 IXTAPALUCA",7,2,"",-98.8627742662,19.3016215297,"31","31","21"
"831015",223,109,15,"COLEGIO DE ESTUDIOS CIENTÍFICOS Y TECNOLÓGICOS DEL ESTADO DE MÉXICO PLANTEL TULTITLÁN",8,3,"Electricidad",-99.087228,19.673434,"35","43","22"
"141336",222,37,15,"CONALEP HUIXQUILUCAN",1,1,"Autotr?nica",-99.3442103099,19.3585516452,"31","31","26"
"153308",222,104,15,"CONALEP GUSTAVO BAZ - TLALNEPANTLA",1,1,"Conservacion del medio ambiente",-99.202992,19.565937,"31","32","28"
"726000",222,33,15,"PREPARATORIA OFICIAL  NÚM. 49",7,2,"",-99.0669872804,19.5250305793,"52","45","52"
"793000",222,95,15,"PREPARATORIA OFICIAL  NÚM. 153",7,2,"",-99.283179,19.696279,"31","31","39"
"130317",220,13,15,"CONALEP ATIZAPÁN II",1,1,"Soporte y mantenimiento de equipo de c?mputo",-99.2313278643,19.6069865051,"31","33","34"
"138316",220,33,15,"CONALEP ECATEPEC II",1,1,"Inform?tica",-99.0293574069,19.5066437146,"31","31","24"
"142316",220,39,15,"CONALEP IXTAPALUCA",1,1,"Inform?tica",-98.9319635693,19.3178881137,"31","31","25"
"149317",220,60,15,"CONALEP NICOLÁS ROMERO",1,1,"Soporte y mantenimiento de equipo de c?mputo",-99.3093172423,19.6285863092,"31","31","38"
"747000",220,58,15,"PREPARATORIA OFICIAL ANEXA A LA NORMAL NÚM. 3 DE NEZAHUALCÓYOTL",7,2,"",-99.0134867963,19.3983888278,"73","76","77"
"813086",220,33,15,"COLEGIO DE ESTUDIOS CIENTÍFICOS Y TECNOLÓGICOS DEL ESTADO DE MÉXICO PLANTEL ECATEPEC",8,3,"Log?stica",-99.0552449226,19.5980002844,"-","-","45"
"143316",218,57,15,"CONALEP NAUCALPAN I",1,1,"Inform?tica",-99.2724537817,19.4444146783,"42","42","48"
"147336",218,58,15,"CONALEP NEZAHUALCÓYOTL II",1,1,"Autotr?nica",-98.9862368981,19.401172,"31","31","21"
"806021",218,121,15,"COLEGIO DE ESTUDIOS CIENTÍFICOS Y TECNOLÓGICOS DEL ESTADO DE MÉXICO PLANTEL CUAUTITLÁN IZCALLI",8,3,"Laboratorista qu?mico",-99.219603,19.627612,"31","44","53"
"875000",218,2,15,"PREPARATORIA OFICIAL  NÚM. 187",8,2,"",-98.976033926,19.6069601613,"38","40","49"
"920000",218,33,15,"PREPARATORIA OFICIAL  NÚM. 257",8,2,"",-99.0259549189,19.6074199108,"39","44","50"
"121303",216,9,9,"CONALEP MILPA ALTA",1,1,"Asistente directivo",-99.0658436087,19.1857163261,"39","35","24"
"131327",216,20,15,"CONALEP COACALCO",1,1,"Qu?mica industrial",-99.11877,19.642972,"31","31","28"
"743000",215,58,15,"PREPARATORIA OFICIAL  NÚM. 86",7,2,"",-99.042853,19.399148,"49","48","56"
"925000",215,60,15,"PREPARATORIA OFICIAL  NÚM. 250",8,2,"",-99.418172,19.619987,"31","31","31"
"715000",214,25,15,"PREPARATORIA OFICIAL  NÚM. 70",7,2,"",-98.9050053033,19.2101234661,"34","33","25"
"834055",214,33,15,"COLEGIO DE ESTUDIOS CIENTÍFICOS Y TECNOLÓGICOS DEL ESTADO DE MÉXICO PLANTEL ECATEPEC II",8,3,"Tecnico en trabajo social",-99.034699,19.506463,"47","61","47"
"150306",213,70,15,"CONALEP LOS REYES LA PAZ",1,1,"Contabilidad",-98.937517,19.385233,"31","31","34"
"806087",213,121,15,"COLEGIO DE ESTUDIOS CIENTÍFICOS Y TECNOLÓGICOS DEL ESTADO DE MÉXICO PLANTEL CUAUTITLÁN IZCALLI",8,3,"Programaci?n",-99.2195892334,19.6274704874,"-","-","40"
"128312",212,13,9,"CONALEP XOCHIMILCO",1,1,"Mantenimiento de sistemas electr?nicos",-99.1291066003,19.2695948901,"45","48","52"
"107302",211,4,9,"CONALEP EL ZARCO",1,1,"Alimentos y bebidas",-99.3541111111,19.2946444444,"45","57","50"
"157336",210,109,15,"CONALEP TULTITLÁN",1,1,"Autotr?nica",-99.1577693042,19.6266617256,"31","31","25"
"125318",209,17,9,"CONALEP AEROPUERTO",1,1,"Mantenimiento de motores y planeadores",-99.0575838089,19.4240407224,"53","55","61"
"114317",208,7,9,"CONALEP IZTAPALAPA V",1,1,"Soporte y mantenimiento de equipo de c?mputo",-99.0063714927,19.3727266899,"42","42","36"
"152316",208,99,15,"CONALEP TEXCOCO",1,1,"Inform?tica",-98.8445946772,19.539018551,"31","31","23"
"894000",208,121,15,"PREPARATORIA OFICIAL  NÚM. 272",8,2,"",-99.2601013184,19.6431533851,"65","31","36"
"870000",206,29,15,"COLEGIO DE BACHILLERES DEL ESTADO DE MÉXICO  PLANTEL 22 CHICOLOAPAN",8,2,"",-98.8902193308,19.4120805876,"31","32","27"
"878000",206,2,15,"PREPARATORIA OFICIAL  NÚM. 183",8,2,"",-98.9725190912,19.6051195977,"36","37","45"
"817090",205,39,15,"COLEGIO DE ESTUDIOS CIENTÍFICOS  Y TECNOLÓGICOS DEL ESTADO DE MÉXICO PLANTEL IXTAPALUCA",8,3,"Tecnico en procesos de gesti?n administrativa",-98.8779260516,19.3230882871,"-","-","29"
"108310",204,5,9,"CONALEP ARAGÓN",1,1,"Electricidad industrial",-99.0710972758,19.4509324098,"31","31","27"
"129336",204,13,15,"CONALEP ATIZAPÁN I",1,1,"Autotr?nica",-99.2666018745,19.5526192205,"31","31","29"
"706000",204,20,15,"PREPARATORIA OFICIAL  NÚM. 99",7,2,"",-99.093976,19.635575,"85","87","92"
"113306",203,7,9,"CONALEP AZTAHUACAN",1,1,"Contabilidad",-99.0318483419,19.357296981,"31","31","25"
"111335",202,5,9,"CONALEP ING. JOSÉ ANTONIO PADILLA SEGURA III",1,1,"Mecatronica",-99.146366613,19.520704521,"33","31","24"
"113315",202,7,9,"CONALEP AZTAHUACAN",1,1,"Industria del vestido",-99.0318161554,19.357296981,"31","31","24"
"872000",202,33,15,"COLEGIO DE BACHILLERES DEL ESTADO DE MÉXICO PLANTEL 23 ECATEPEC LA CAÑADA",8,2,"",-99.0867393196,19.5673441772,"31","32","28"
"926000",201,81,15,"PREPARATORIA OFICIAL  NÚM. 229",8,2,"",-99.0389746428,19.624736939,"69","63","59"
"126317",197,17,9,"CONALEP VENUSTIANO CARRANZA I",1,1,"Soporte y mantenimiento de equipo de c?mputo",-99.1265639924,19.4122123759,"31","31","24"
"722000",196,31,15,"PREPARATORIA OFICIAL  NÚM. 85",7,2,"",-98.9728369312,19.4403402509,"32","31","24"
"783000",195,33,15,"PREPARATORIA OFICIAL NÚM. 128",7,2,"",-99.0734088421,19.5490937158,"31","31","23"
"118304",193,7,9,"CONALEP IZTAPALAPA IV",1,1,"Mantenimiento automotriz",-99.069418,19.291732,"51","52","48"
"134311",193,25,15,"CONALEP CHALCO",1,1,"Electromec?nica industrial",-98.9067149162,19.2717617298,"31","31","22"
"116336",189,7,9,"CONALEP IZTAPALAPA II",1,1,"Autotr?nica",-99.0528274131,19.3838447593,"31","31","27"
"777000",189,39,15,"PREPARATORIA OFICIAL  NÚM. 122",7,2,"",-98.903850317,19.2899904533,"31","31","29"
"874000",188,109,15,"COLEGIO DE BACHILLERES DEL ESTADO DE MÉXICO PLANTEL 25 TULTITLÁN",8,2,"",-99.1496478307,19.6018102193,"31","31","27"
"134306",187,25,15,"CONALEP CHALCO",1,1,"Contabilidad",-98.90679,19.271336,"31","32","21"
"149301",187,60,15,"CONALEP NICOLÁS ROMERO",1,1,"Administraci?n",-99.3093099909,19.6285835083,"31","31","24"
"104317",186,2,9,"CONALEP CENTRO MÉXICO-CANADÁ",1,1,"Soporte y mantenimiento de equipo de c?mputo",-99.2152709155,19.4839636633,"31","31","27"
"148316",186,58,15,"CONALEP NEZAHUALCÓYOTL III",1,1,"Inform?tica",-99.0132525079,19.3990472109,"31","31","25"
"818046",186,57,15,"CENTRO DE BACHILLERATO TECNOLÓGICO NÚM. 1 MIGUEL DE CERVANTES SAAVEDRA",8,3,"Tecnico en Informatica",-99.2739171775,19.4402139534,"45","45","51"
"833046",186,122,15,"CENTRO DE BACHILLERATO TECNOLÓGICO JUAN DE DIOS BÁTIZ",8,3,"Tecnico en Informatica",-98.946996,19.282846,"31","31","44"
"116305",185,7,9,"CONALEP IZTAPALAPA II",1,1,"Construcci?n",-99.0528703285,19.3838245179,"32","31","24"
"801070",185,2,15,"CENTRO DE BACHILLERATO TECNOLÓGICO  NÚM. 1 DR. DONATO ALARC?N SEGOVIA",8,3,"Tecnico en gastronom?a",-98.934997,19.623009,"70","72","60"
"825046",185,70,15,"CENTRO DE BACHILLERATO TECNOLÓGICO ALBERT EINSTEIN",8,3,"Tecnico en Informatica",-98.965091,19.35584,"57","53","54"
"828066",185,81,15,"CENTRO DE BACHILLERATO TECNOLÓGICO NÚM. 2 LIC. CARLOS PICHARDO",8,3,"Tecnico en dise?o asistido por computadora",-98.9720883965,19.7437824735,"60","60","52"
"136327",184,33,15,"CONALEP CIUDAD AZTECA",1,1,"Qu?mica industrial",-99.0316947116,19.5480827731,"31","31","26"
"828046",184,81,15,"CENTRO DE BACHILLERATO TECNOLÓGICO NÚM. 2 LIC. CARLOS PICHARDO",8,3,"Tecnico en Informatica",-98.9720883965,19.7437824735,"64","65","61"
"811044",183,31,15,"CENTRO DE BACHILLERATO TECNOLÓGICO NÚM. 1 LIC. AGUSTÍN REYES PONCE",8,3,"Enfermer?a general",-98.9854412547,19.4290883321,"49","50","58"
"109306",182,5,9,"CONALEP GUSTAVO  A. MADERO I",1,1,"Contabilidad",-99.1437359804,19.5308550656,"36","34","16"
"133320",182,121,15,"CONALEP ING. BERNARDO QUINTANA ARRIOJA - CUAUTITLÁN",1,1,"M?quinas herramienta",-99.2104912884,19.6749998197,"31","31","26"
"828035",181,81,15,"CENTRO DE BACHILLERATO TECNOLÓGICO NÚM. 2 LIC. CARLOS PICHARDO",8,3,"Tecnico en instrumentaci?n dental",-98.9720883965,19.7437824735,"49","51","47"
"881000",181,58,15,"COLEGIO DE BACHILLERES DEL ESTADO DE MÉXICO PLANTEL 30 NEZAHUALCÓYOTL",8,2,"",-98.982979664,19.3967960006,"31","31","21"
"823067",180,60,15,"COLEGIO DE ESTUDIOS CIENTÍFICOS Y TECNOLÓGICOS DEL ESTADO DE MÉXICO PLANTEL NICOLÁS ROMERO I",8,3,"Tecnico en mantenimiento de equipo y sistemas",-99.2752689091,19.6035576166,"45","50","62"
"132309",179,121,15,"CONALEP CUAUTITLÁN",1,1,"Asistente y protesista dental",-99.213066,19.6711912054,"31","31","26"
"818038",178,57,15,"CENTRO DE BACHILLERATO TECNOLÓGICO NÚM. 1 MIGUEL DE CERVANTES SAAVEDRA",8,3,"Tecnico en edificaci?n",-99.2739326726,19.4401898404,"32","31","42"
"847070",178,99,15,"CENTRO DE BACHILLERATO TECNOLÓGICO NÚM. 4",8,3,"Tecnico en gastronom?a",-98.898768,19.44294,"69","62","53"
"850046",178,81,15,"CENTRO DE BACHILLERATO TECNOLÓGICO NÚM. 4",8,3,"Tecnico en Informatica",-99.027463,19.631972,"48","55","55"
"141306",177,37,15,"CONALEP HUIXQUILUCAN",1,1,"Contabilidad",-99.3442103099,19.3585516452,"31","31","24"
"110303",176,5,9,"CONALEP GUSTAVO A.  MADERO II",1,1,"Asistente directivo",-99.0870236607,19.5050887486,"32","31","26"
"804087",176,20,15,"COLEGIO DE ESTUDIOS CIENTÍFICOS Y TECNOLÓGICOS  DEL ESTADO DE MÉXICO PLANTEL COACALCO",8,3,"Programaci?n",-99.1012174203,19.6215555956,"-","-","70"
"827066",176,81,15,"CENTRO DE BACHILLERATO TECNOLÓGICO NÚM. 1 DR. JORGE JIMÉNEZ CANTÚ",8,3,"Tecnico en dise?o asistido por computadora",-99.0375634074,19.6755853269,"49","50","49"
"143314",174,57,15,"CONALEP NAUCALPAN I",1,1,"Hospitalidad tur?stica",-99.2690974474,19.4447361514,"38","38","39"
"813090",173,33,15,"COLEGIO DE ESTUDIOS CIENTÍFICOS Y TECNOLÓGICOS DEL ESTADO DE MÉXICO PLANTEL ECATEPEC",8,3,"Tecnico en procesos de gesti?n administrativa",-99.0552273989,19.5981926599,"-","-","51"
"816046",173,39,15,"CENTRO DE BACHILLERATO TECNOLÓGICO NÚM. 2 GUILLERMO GONZÁLEZ CAMARENA",8,3,"Tecnico en Informatica",-98.9055482445,19.2973672647,"31","31","32"
"834087",173,33,15,"COLEGIO DE ESTUDIOS CIENTÍFICOS Y TECNOLÓGICOS DEL ESTADO DE MÉXICO PLANTEL ECATEPEC II",8,3,"Programaci?n",-99.0348815918,19.5063009452,"-","-","41"
"111303",172,5,9,"CONALEP ING. JOSÉ ANTONIO PADILLA SEGURA III",1,1,"Asistente directivo",-99.146366613,19.5207247454,"31","31","24"
"728000",172,33,15,"PREPARATORIA OFICIAL  NÚM. 94",7,2,"",-98.9840213558,19.6414910915,"31","31","24"
"815084",172,39,15,"CENTRO DE BACHILLERATO TECNOLÓGICO NÚM. 1 DR. LEOPOLDO RÍO DE LA LOZA",8,3,"Tecnico en electr?nica",-98.9367263734,19.3179014304,"-","44","29"
"826087",172,81,15,"COLEGIO DE ESTUDIOS CIENTÍFICOS Y TECNOLÓGICOS DEL ESTADO DE MÉXICO PLANTEL TECÁMAC",8,3,"Programaci?n",-98.971399,19.724115,"-","-","53"
"113312",171,7,9,"CONALEP AZTAHUACAN",1,1,"Mantenimiento de sistemas electr?nicos",-99.0317946977,19.357296981,"31","31","19"
"144311",169,57,15,"CONALEP NAUCALPAN II",1,1,"Electromec?nica industrial",-99.2500151946,19.444959657,"31","31","45"
"804067",169,20,15,"COLEGIO DE ESTUDIOS CIENTÍFICOS Y TECNOLÓGICOS  DEL ESTADO DE MÉXICO PLANTEL COACALCO",8,3,"Tecnico en mantenimiento de equipo y sistemas",-99.1011373037,19.621576262,"59","57","71"
"809088",169,29,15,"COLEGIO DE ESTUDIOS CIENTÍFICOS Y TECNOLÓGICOS DEL ESTADO DE MÉXICO PLANTEL CHICOLOAPAN",8,3,"Soporte y mantenimiento de equipo de c?mputo",-98.8988399506,19.4080329653,"-","-","59"
"125329",168,17,9,"CONALEP AEROPUERTO",1,1,"Sistemas electr?nicos de aviaci?n",-99.0572535995,19.4239741083,"55","56","48"
"837087",168,95,15,"COLEGIO DE ESTUDIOS CIENTÍFICOS Y TECNOLÓGICOS DEL ESTADO DE MÉXICO PLANTEL TEPOTZOTLÁN",8,3,"Programaci?n",-99.2039680481,19.7206561123,"-","-","40"
"851089",168,24,15,"COLEGIO DE ESTUDIOS CIENTÍFICOS Y TECNOLÓGICOS  DEL ESTADO DE MÉXICO PLANTEL CUAUTITLÁN",8,3,"Tecnico programador de software",-99.1553932428,19.6731709466,"-","-","51"
"756000",167,99,15,"PREPARATORIA OFICIAL  NÚM. 79",7,2,"",-98.7743881376,19.5219274842,"45","40","51"
"832085",167,122,15,"COLEGIO DE ESTUDIOS CIENTÍFICOS Y TECNOLÓGICOS  DEL ESTADO DE MÉXICO PLANTEL VALLE DE CHALCO SOLIDARIDAD I",8,3,"Desarrollo organizacional",-98.9501667023,19.3025164607,"-","-","30"
"125330",166,17,9,"CONALEP AEROPUERTO",1,1,"Telecomunicaciones",-99.057328094,19.4240484106,"48","50","35"
"798000",165,31,15,"PREPARATORIA OFICIAL  NÚM. 164",7,2,"",-98.9341268981,19.4277595334,"31","32","30"
"857087",165,37,15,"COLEGIO DE ESTUDIOS CIENTÍFICOS Y TECNOLÓGICOS DEL ESTADO DE MÉXICO PLANTEL HUIXQUILUCAN",8,3,"Programaci?n",-99.3520663208,19.3598396217,"-","-","37"
"815036",164,39,15,"CENTRO DE BACHILLERATO TECNOLÓGICO NÚM. 1 DR. LEOPOLDO RÍO DE LA LOZA",8,3,"Tecnico en administraci?n",-98.9367775927,19.3179128435,"38","34","29"
"106334",163,4,9,"CONALEP SANTA FE",1,1,"Expresi?n gr?fica digital",-99.2842346831,19.350840516,"37","49","48"
"144323",163,57,15,"CONALEP NAUCALPAN II",1,1,"Pl?sticos",-99.250107,19.444984,"31","31","26"
"782000",162,25,15,"PREPARATORIA OFICIAL NÚM. 198",7,2,"",-98.8179445267,19.257106391,"31","31","25"
"101311",161,10,9,"CONALEP ÁLVARO OBREGÓN I",1,1,"Electromec?nica industrial",-99.2171464493,19.3604419744,"49","49","53"
"108312",161,5,9,"CONALEP ARAGÓN",1,1,"Mantenimiento de sistemas electr?nicos",-99.07115092,19.4509324098,"31","31","23"
"119303",161,8,9,"CONALEP COMERCIO Y FOMENTO INDUSTRIAL (SECOFI)",1,1,"Asistente directivo",-99.2673905651,19.3053145916,"31","31","23"
"707000",161,20,15,"PREPARATORIA OFICIAL ANEXA A LA NORMAL DE COACALCO",7,2,"",-99.1009292269,19.6231484722,"78","80","84"
"822090",161,58,15,"COLEGIO DE ESTUDIOS CIENTÍFICOS Y TECNOLÓGICOS DEL ESTADO DE MÉXICO PLANTEL NEZAHUALCÓYOTL",8,3,"Tecnico en procesos de gesti?n administrativa",-99.0533512831,19.4887589054,"-","-","22"
"887000",161,121,15,"PREPARATORIA OFICIAL  NÚM. 241",8,2,"",-99.2618555556,19.6717472222,"32","31","43"
"924000",161,57,15,"MODULO DE LA PREPARATORIA OFICIAL ANEXA A LA NORMAL DE NAUCALPAN",8,2,"",-99.2445045414,19.4697087337,"59","63","70"
"121306",160,9,9,"CONALEP MILPA ALTA",1,1,"Contabilidad",-99.0658436087,19.1857163261,"35","31","26"
"824022",160,70,15,"COLEGIO DE ESTUDIOS CIENTÍFICOS Y TECNOLÓGICOS DEL ESTADO DE MÉXICO PLANTEL LA PAZ",8,3,"Mantenimiento industrial",-98.9494587546,19.3742867237,"32","31","34"
"129319",159,13,15,"CONALEP ATIZAPÁN I",1,1,"Mantenimiento de sistemas autom?ticos",-99.2666010172,19.5526186457,"31","31","25"
"106322",155,4,9,"CONALEP SANTA FE",1,1,"Optometr?a",-99.2842400475,19.350840516,"39","37","21"
"138317",155,33,15,"CONALEP ECATEPEC II",1,1,"Soporte y mantenimiento de equipo de c?mputo",-99.0292447541,19.5064414538,"31","31","21"
"877000",155,58,15,"PREPARATORIA OFICIAL  NÚM. 168",8,2,"",-99.009889,19.384914,"45","38","39"
"143306",154,57,15,"CONALEP NAUCALPAN I",1,1,"Contabilidad",-99.2691242695,19.444913197,"31","31","29"
"769000",153,122,15,"PREPARATORIA OFICIAL  NÚM. 96",7,2,"",-98.9557808136,19.2870390076,"31","31","25"
"133319",152,121,15,"CONALEP ING. BERNARDO QUINTANA ARRIOJA - CUAUTITLÁN",1,1,"Mantenimiento de sistemas autom?ticos",-99.2104161865,19.6748280778,"31","31","26"
"139306",150,33,15,"CONALEP ECATEPEC III",1,1,"Contabilidad",-99.06238,19.625677,"31","31","29"
"918000",150,33,15,"PREPARATORIA OFICIAL  NÚM. 221",8,2,"",-99.0404176712,19.4988980217,"31","31","27"
"147315",144,58,15,"CONALEP NEZAHUALCÓYOTL II",1,1,"Industria del vestido",-98.986312,19.401172,"31","31","27"
"146309",143,58,15,"CONALEP NEZAHUALCÓYOTL I",1,1,"Asistente y protesista dental",-99.03611,19.478594,"31","31","26"
"151327",143,81,15,"CONALEP TECÁMAC",1,1,"Qu?mica industrial",-98.977761,19.696708,"31","31","27"
"817015",143,39,15,"COLEGIO DE ESTUDIOS CIENTÍFICOS  Y TECNOLÓGICOS DEL ESTADO DE MÉXICO PLANTEL IXTAPALUCA",8,3,"Electricidad",-98.8778440282,19.3231969561,"33","31","27"
"149312",141,60,15,"CONALEP NICOLÁS ROMERO",1,1,"Mantenimiento de sistemas electr?nicos",-99.3093135211,19.6285878812,"31","31","27"
"155324",140,104,15,"CONALEP TLALNEPANTLA II",1,1,"Procesamiento industrial de alimentos",-99.1124239153,19.538038,"33","32","38"
"157312",137,109,15,"CONALEP TULTITLÁN",1,1,"Mantenimiento de sistemas electr?nicos",-99.1578765926,19.6264191933,"31","31","21"
"125332",135,17,9,"CONALEP AEROPUERTO",1,1,"Laminister?a y recubrimiento de las aeronaves",-99.0572714477,19.423988444,"31","31","28"
"836087",135,39,15,"COLEGIO DE ESTUDIOS CIENTÍFICOS  Y TECNOLÓGICOS DEL ESTADO DE MÉXICO PLANTEL IXTAPALUCA II",8,3,"Programaci?n",-98.8323050737,19.2954232331,"-","-","29"
"145317",134,58,15,"CONALEP DEL SOL",1,1,"Soporte y mantenimiento de equipo de c?mputo",-99.030858627,19.429302175,"31","31","19"
"139320",132,33,15,"CONALEP ECATEPEC III",1,1,"M?quinas herramienta",-99.06214933,19.6257174223,"31","31","21"
"939000",132,58,15,"PREPARATORIA OFICIAL NÚM. 280",8,2,"",-99.0500684906,19.4601041056,"-","31","22"
"810016",130,31,15,"COLEGIO DE ESTUDIOS CIENTÍFICOS Y TECNOLÓGICOS DEL ESTADO DE MÉXICO PLANTEL CHIMALHUACÁN",8,3,"Electr?nica",-98.942624,19.443507,"32","40","47"
"837009",130,95,15,"COLEGIO DE ESTUDIOS CIENTÍFICOS Y TECNOLÓGICOS DEL ESTADO DE MÉXICO PLANTEL TEPOTZOTLÁN",8,3,"Construcci?n",-99.203404,19.719715,"31","31","28"
"957000",130,108,15,"PREPARATORIA OFICIAL  NÚM. 306",8,2,"",-99.1420229,19.6556,"-","-","28"
"104306",129,2,9,"CONALEP CENTRO MÉXICO-CANADÁ",1,1,"Contabilidad",-99.2151421695,19.4839029766,"32","31","25"
"153327",129,104,15,"CONALEP GUSTAVO BAZ - TLALNEPANTLA",1,1,"Qu?mica industrial",-99.2029571313,19.565937,"31","31","29"
"944000",129,70,15,"PREPARATORIA OFICIAL  NÚM. 274",8,2,"",-98.9501518465,19.353869739,"-","31","28"
"809090",128,29,15,"COLEGIO DE ESTUDIOS CIENTÍFICOS Y TECNOLÓGICOS DEL ESTADO DE MÉXICO PLANTEL CHICOLOAPAN",8,3,"Tecnico en procesos de gesti?n administrativa",-98.8984107971,19.4079115351,"-","-","28"
"135316",127,31,15,"CONALEP CHIMALHUACÁN",1,1,"Inform?tica",-98.9716971693,19.4449236218,"31","31","28"
"142315",126,39,15,"CONALEP IXTAPALUCA",1,1,"Industria del vestido",-98.9319635693,19.3178881137,"47","42","28"
"805076",125,24,15,"CENTRO DE BACHILLERATO TECNOLÓGICO GABRIEL V. ALCOCER",8,3,"Tecnico en mecatr?nica",-99.179595,19.672171,"75","81","72"
"819054",125,57,15,"CENTRO DE BACHILLERATO TECNOLÓGICO NÚM. 2  ING. GUILLERMO GONZÁLEZ CAMARENA",8,3,"Tecnico en manufactura del vestido",-99.2518002492,19.4651298541,"46","48","53"
"848069",125,109,15,"CENTRO DE BACHILLERATO TECNOLÓGICO",8,3,"Tecnico en turismo",-99.1751611233,19.5844995165,"66","66","62"
"130311",124,13,15,"CONALEP ATIZAPÁN II",1,1,"Electromec?nica industrial",-99.2313515731,19.6069848498,"31","31","22"
"820036",124,58,15,"CENTRO DE BACHILLERATO TECNOLÓGICO NÚM. 1 REFUGIO ESTÉVES REYES",8,3,"Tecnico en administraci?n",-98.980905,19.391082,"31","31","29"
"801053",123,2,15,"CENTRO DE BACHILLERATO TECNOLÓGICO  NÚM. 1 DR. DONATO ALARC?N SEGOVIA",8,3,"Tecnico laboratorista qu?mico",-98.934997,19.623009,"57","56","55"
"801076",123,2,15,"CENTRO DE BACHILLERATO TECNOLÓGICO  NÚM. 1 DR. DONATO ALARC?N SEGOVIA",8,3,"Tecnico en mecatr?nica",-98.934997,19.623009,"58","56","54"
"821046",123,58,15,"CENTRO DE BACHILLERATO TECNOLÓGICO NÚM. 2           DR. MAXIMILIANO RUIZ CASTA?EDA",8,3,"Tecnico en Informatica",-99.0216950194,19.4035845222,"36","44","43"
"825036",123,70,15,"CENTRO DE BACHILLERATO TECNOLÓGICO ALBERT EINSTEIN",8,3,"Tecnico en administraci?n",-98.965091,19.35584,"39","42","51"
"844076",123,81,15,"CENTRO DE BACHILLERATO TECNOLÓGICO NÚM. 3",8,3,"Tecnico en mecatr?nica",-98.997203,19.678061,"43","50","60"
"849067",123,99,15,"COLEGIO DE ESTUDIOS CIENTÍFICOS Y TECNOLÓGICOS DEL ESTADO DE MÉXICO PLANTEL TEXCOCO",8,3,"Tecnico en mantenimiento de equipo y sistemas",-98.8345527649,19.480207167,"39","45","36"
"827046",122,81,15,"CENTRO DE BACHILLERATO TECNOLÓGICO NÚM. 1 DR. JORGE JIMÉNEZ CANTÚ",8,3,"Tecnico en Informatica",-99.0370269656,19.6755449172,"49","52","53"
"829046",122,99,15,"CENTRO DE BACHILLERATO TECNOLÓGICO DR. EDUARDO SUÁREZ A.",8,3,"Tecnico en Informatica",-98.9011040344,19.522319,"40","40","44"
"150310",121,70,15,"CONALEP LOS REYES LA PAZ",1,1,"Electricidad industrial",-98.9377232289,19.3855704126,"35","32","40"
"829069",121,99,15,"CENTRO DE BACHILLERATO TECNOLÓGICO DR. EDUARDO SUÁREZ A.",8,3,"Tecnico en turismo",-98.9006105079,19.522319,"49","49","53"
"846069",121,99,15,"CENTRO DE BACHILLERATO TECNOLÓGICO NÚM. 3",8,3,"Tecnico en turismo",-98.859374,19.501759,"43","52","46"
"848076",121,109,15,"CENTRO DE BACHILLERATO TECNOLÓGICO",8,3,"Tecnico en mecatr?nica",-99.1752040386,19.5844995165,"58","61","49"
"808046",120,25,15,"CENTRO DE BACHILLERATO TECNOLÓGICO NÚM. 3 SR. MAX SHEIN HEISLER",8,3,"Tecnico en Informatica",-98.9310237765,19.2099132833,"38","36","38"
"812053",120,31,15,"CENTRO DE BACHILLERATO TECNOLÓGICO NÚM. 2 ISAAC GUZMÁN VALDIVIA",8,3,"Tecnico laboratorista qu?mico",-98.9666673228,19.443921456,"32","51","39"
"127317",119,17,9,"CONALEP VENUSTIANO CARRANZA II",1,1,"Soporte y mantenimiento de equipo de c?mputo",-99.0588708144,19.4228731695,"35","35","28"
"805046",119,24,15,"CENTRO DE BACHILLERATO TECNOLÓGICO GABRIEL V. ALCOCER",8,3,"Tecnico en Informatica",-99.179595,19.6721811026,"57","58","55"
"819076",119,57,15,"CENTRO DE BACHILLERATO TECNOLÓGICO NÚM. 2  ING. GUILLERMO GONZÁLEZ CAMARENA",8,3,"Tecnico en mecatr?nica",-99.2518119281,19.4651395458,"52","54","62"
"841046",118,24,15,"CENTRO DE BACHILLERATO TECNOLÓGICO NÚM. 2",8,3,"Tecnico en Informatica",-99.14580971,19.6839853887,"55","53","61"
"850066",118,81,15,"CENTRO DE BACHILLERATO TECNOLÓGICO NÚM. 4",8,3,"Tecnico en dise?o asistido por computadora",-99.0268407275,19.6323964166,"43","46","56"
"109322",117,5,9,"CONALEP GUSTAVO  A. MADERO I",1,1,"Optometr?a",-99.1435857767,19.5307741734,"44","42","47"
"828079",117,81,15,"CENTRO DE BACHILLERATO TECNOLÓGICO NÚM. 2 LIC. CARLOS PICHARDO",8,3,"Tecnico en biotecnolog?a en alimentos",-98.9720883965,19.7437824735,"-","60","57"
"117303",116,7,9,"CONALEP IZTAPALAPA III",1,1,"Asistente directivo",-99.0791694524,19.3345528405,"31","31","23"
"114306",115,7,9,"CONALEP IZTAPALAPA V",1,1,"Contabilidad",-99.0064090436,19.3727266899,"31","31","25"
"115303",115,7,9,"CONALEP IZTAPALAPA I",1,1,"Asistente directivo",-99.0142109834,19.3612175787,"31","31","26"
"947000",114,33,15,"PREPARATORIA OFICIAL  NÚM. 301",8,2,"",-99.0178627975,19.6011341898,"-","31","15"
"105322",113,3,9,"CONALEP COYOACÁN",1,1,"Optometr?a",-99.1084701313,19.3252129261,"49","61","64"
"137311",113,33,15,"CONALEP ECATEPEC I",1,1,"Electromec?nica industrial",-99.001976,19.6470387197,"31","31","27"
"850079",113,81,15,"CENTRO DE BACHILLERATO TECNOLÓGICO NÚM. 4",8,3,"Tecnico en biotecnolog?a en alimentos",-99.0257571151,19.6322448394,"55","44","56"
"103301",111,2,9,"CONALEP AZCAPOTZALCO",1,1,"Administraci?n",-99.1761804423,19.4874832135,"31","31","51"
"133306",108,121,15,"CONALEP ING. BERNARDO QUINTANA ARRIOJA - CUAUTITLÁN",1,1,"Contabilidad",-99.210384,19.674919,"32","31","25"
"720000",107,31,15,"PREPARATORIA OFICIAL  NÚM. 62",7,2,"",-98.9664419421,19.4205924787,"31","31","30"
"130306",106,13,15,"CONALEP ATIZAPÁN II",1,1,"Contabilidad",-99.2312977684,19.6069978648,"31","31","25"
"101328",105,10,9,"CONALEP ÁLVARO OBREGÓN I",1,1,"Refrigeraci?n y climatizaci?n",-99.2171464493,19.36056344,"38","41","34"
"116306",105,7,9,"CONALEP IZTAPALAPA II",1,1,"Contabilidad",-99.0528971505,19.3838245179,"31","31","27"
"893000",105,24,15,"PREPARATORIA OFICIAL  NÚM. 223",8,2,"",-99.163988489,19.6882367003,"42","41","56"
"135311",104,31,15,"CONALEP CHIMALHUACÁN",1,1,"Electromec?nica industrial",-98.9714182196,19.4450247906,"31","31","28"
"152315",104,99,15,"CONALEP TEXCOCO",1,1,"Industria del vestido",-98.8452169497,19.5384725558,"32","32","24"
"885000",104,81,15,"PREPARATORIA OFICIAL  NÚM. 179",8,2,"",-98.9940880106,19.6627751132,"31","31","30"
"930000",104,60,15,"PREPARATORIA OFICIAL  NÚM. 262",8,2,"",-99.281956,19.608906,"43","42","48"
"101337",103,10,9,"CONALEP ÁLVARO OBREGÓN I",1,1,"Escenotecnia",-99.2171001434,19.3607897706,"-","-","27"
"111310",103,5,9,"CONALEP ING. JOSÉ ANTONIO PADILLA SEGURA III",1,1,"Electricidad industrial",-99.1463236976,19.5207247454,"31","31","29"
"138301",103,33,15,"CONALEP ECATEPEC II",1,1,"Administraci?n",-99.0289222222,19.5066222222,"31","31","22"
"811046",102,31,15,"CENTRO DE BACHILLERATO TECNOLÓGICO NÚM. 1 LIC. AGUSTÍN REYES PONCE",8,3,"Tecnico en Informatica",-98.9854538441,19.4289580859,"31","31","27"
"890000",101,33,15,"PREPARATORIA OFICIAL NÚM. 211",8,2,"",-99.0652993908,19.6363994108,"31","31","37"
"110311",100,5,9,"CONALEP GUSTAVO A.  MADERO II",1,1,"Electromec?nica industrial",-99.0870451184,19.5051089748,"31","31","28"
"873000",100,99,15,"COLEGIO DE BACHILLERES DEL ESTADO DE MÉXICO  PLANTEL 43 TEXCOCO",8,2,"",-98.8700916667,19.4510555556,"31","31","28"
"931000",100,2,15,"PREPARATORIA OFICIAL  NÚM. 269",8,2,"",-98.8938832283,19.6161393484,"-","31","35"
"941000",100,60,15,"MODULO ANEXO A LA PREPARATORIA OFICIAL  NÚM. 148",8,2,"",-99.3437433243,19.631472197,"-","31","27"
"852089",99,31,15,"COLEGIO DE ESTUDIOS CIENTÍFICOS Y TECNOLÓGICOS DEL ESTADO DE MÉXICO PLANTEL CHIMALHUACÁN II",8,3,"Tecnico programador de software",-98.9736413956,19.4440330257,"-","-","29"
"723000",97,31,15,"PREPARATORIA OFICIAL  NÚM. 98",7,2,"",-98.9583017142,19.387662886,"31","31","25"
"111327",96,5,9,"CONALEP ING. JOSÉ ANTONIO PADILLA SEGURA III",1,1,"Qu?mica industrial",-99.146366613,19.5207247454,"31","31","29"
"137303",95,33,15,"CONALEP ECATEPEC I",1,1,"Asistente directivo",-99.0017346012,19.6469983029,"31","32","30"
"136328",94,33,15,"CONALEP CIUDAD AZTECA",1,1,"Refrigeraci?n y climatizaci?n",-99.0315498724,19.5480246381,"31","31","23"
"156313",94,104,15,"CONALEP TLALNEPANTLA III",1,1,"Enfermer?a general",-99.1887867116,19.576743,"66","69","71"
"774000",93,33,15,"PREPARATORIA OFICIAL  NÚM. 125",7,2,"",-98.9838767052,19.6482257471,"31","31","24"
"155336",92,104,15,"CONALEP TLALNEPANTLA II",1,1,"Autotr?nica",-99.1123005337,19.538038,"31","31","28"
"778000",92,39,15,"PREPARATORIA OFICIAL  NÚM. 124",7,2,"",-98.9120790275,19.3225010784,"31","31","24"
"853089",92,60,15,"COLEGIO DE ESTUDIOS CIENTÍFICOS Y TECNOLÓGICOS DEL ESTADO DE MÉXICO PLANTEL NICOLÁS ROMERO III",8,3,"Tecnico programador de software",-99.298871,19.63413,"-","-","51"
"880000",91,29,15,"COLEGIO DE BACHILLERES DEL ESTADO DE MÉXICO  PLANTEL 31 CHICOLOAPAN",8,2,"",-98.8852550144,19.4227419192,"31","31","31"
"815039",90,39,15,"CENTRO DE BACHILLERATO TECNOLÓGICO NÚM. 1 DR. LEOPOLDO RÍO DE LA LOZA",8,3,"Tecnico en contabilidad",-98.9367683454,19.3179251306,"33","31","30"
"840087",89,60,15,"COLEGIO DE ESTUDIOS CIENTÍFICOS Y TECNOLÓGICOS DEL ESTADO DE MÉXICO PLANTEL NICOLÁS ROMERO II",8,3,"Programaci?n",-99.3469619751,19.6134030807,"-","-","56"
"836009",88,39,15,"COLEGIO DE ESTUDIOS CIENTÍFICOS  Y TECNOLÓGICOS DEL ESTADO DE MÉXICO PLANTEL IXTAPALUCA II",8,3,"Construcci?n",-98.8322557172,19.2954176502,"31","31","30"
"118306",87,7,9,"CONALEP IZTAPALAPA IV",1,1,"Contabilidad",-99.0693697202,19.291732,"31","31","27"
"809027",87,29,15,"COLEGIO DE ESTUDIOS CIENTÍFICOS Y TECNOLÓGICOS DEL ESTADO DE MÉXICO PLANTEL CHICOLOAPAN",8,3,"Producci?n industrial",-98.8990892792,19.4075217103,"31","31","51"
"840060",87,60,15,"COLEGIO DE ESTUDIOS CIENTÍFICOS Y TECNOLÓGICOS DEL ESTADO DE MÉXICO PLANTEL NICOLÁS ROMERO II",8,3,"Mecatronica",-99.3412220478,19.61332223,"56","61","65"
"781000",86,122,15,"PREPARATORIA OFICIAL  NÚM. 123",7,2,"",-98.935232,19.296856,"31","31","24"
"840091",86,60,15,"COLEGIO DE ESTUDIOS CIENTÍFICOS Y TECNOLÓGICOS DEL ESTADO DE MÉXICO PLANTEL NICOLÁS ROMERO II",8,3,"Tecnico en ventas",-99.3460607529,19.6136052073,"-","-","48"
"884000",86,57,15,"COLEGIO DE BACHILLERES DEL ESTADO DE MÉXICO  PLANTEL 37 CHIMALPA NAUCALPAN",8,2,"",-99.3456557285,19.4409299807,"51","51","59"
"826025",85,81,15,"COLEGIO DE ESTUDIOS CIENTÍFICOS Y TECNOLÓGICOS DEL ESTADO DE MÉXICO PLANTEL TECÁMAC",8,3,"M?quinas - herramienta",-98.971399,19.724115,"43","47","58"
"826091",84,81,15,"COLEGIO DE ESTUDIOS CIENTÍFICOS Y TECNOLÓGICOS DEL ESTADO DE MÉXICO PLANTEL TECÁMAC",8,3,"Tecnico en ventas",-98.971323967,19.7241101308,"-","-","42"
"832020",84,122,15,"COLEGIO DE ESTUDIOS CIENTÍFICOS Y TECNOLÓGICOS  DEL ESTADO DE MÉXICO PLANTEL VALLE DE CHALCO SOLIDARIDAD I",8,3,"Laboratorio cl?nico",-98.950381,19.302942,"69","72","78"
"126303",83,17,9,"CONALEP VENUSTIANO CARRANZA I",1,1,"Asistente directivo",-99.1265690991,19.4122404215,"31","31","30"
"142327",83,39,15,"CONALEP IXTAPALUCA",1,1,"Qu?mica industrial",-98.9319635693,19.3178881137,"36","32","28"
"115307",82,7,9,"CONALEP IZTAPALAPA I",1,1,"Control de calidad",-99.0141573393,19.3612226398,"31","32","25"
"154316",82,104,15,"CONALEP TLALNEPANTLA I",1,1,"Inform?tica",-99.164807627,19.511782,"31","31","29"
"103304",81,2,9,"CONALEP AZCAPOTZALCO",1,1,"Mantenimiento automotriz",-99.1761804423,19.4875438989,"31","38","60"
"140303",81,33,15,"CONALEP VALLE DE ARAGÓN",1,1,"Asistente directivo",-99.0540687784,19.499179081,"31","31","29"
"746000",81,58,15,"PREPARATORIA OFICIAL ANEXA A LA NORMAL NÚM. 2 DE NEZAHUALCÓYOTL",7,2,"",-99.064547,19.487358,"77","78","82"
"149306",80,60,15,"CONALEP NICOLÁS ROMERO",1,1,"Contabilidad",-99.3093099909,19.6285835083,"31","31","28"
"157306",79,109,15,"CONALEP TULTITLÁN",1,1,"Contabilidad",-99.1581984577,19.6267425696,"32","32","24"
"126306",78,17,9,"CONALEP VENUSTIANO CARRANZA I",1,1,"Contabilidad",-99.1265526834,19.4122473815,"31","31","28"
"152303",78,99,15,"CONALEP TEXCOCO",1,1,"Asistente directivo",-98.844938,19.538513,"-","31","26"
"126312",73,17,9,"CONALEP VENUSTIANO CARRANZA I",1,1,"Mantenimiento de sistemas electr?nicos",-99.1265595341,19.4122194209,"31","31","24"
"153326",72,104,15,"CONALEP GUSTAVO BAZ - TLALNEPANTLA",1,1,"Productividad industrial",-99.202992,19.5659091994,"31","31","29"
"810085",72,31,15,"COLEGIO DE ESTUDIOS CIENTÍFICOS Y TECNOLÓGICOS DEL ESTADO DE MÉXICO PLANTEL CHIMALHUACÁN",8,3,"Desarrollo organizacional",-98.9424794912,19.4437194002,"-","-","31"
"138306",71,33,15,"CONALEP ECATEPEC II",1,1,"Contabilidad",-99.0292340252,19.5068358621,"31","31","29"
"945000",71,122,15,"GRUPO ANEXO A LA PREPARATORIA OFICIAL  NÚM. 54",8,2,"",-98.9432912262,19.2927096671,"-","31","26"
"137312",70,33,15,"CONALEP ECATEPEC I",1,1,"Mantenimiento de sistemas electr?nicos",-99.0021208393,19.646872,"31","31","23"
"155319",70,104,15,"CONALEP TLALNEPANTLA II",1,1,"Mantenimiento de sistemas autom?ticos",-99.112381,19.538038,"32","31","23"
"919000",69,33,15,"PREPARATORIA OFICIAL  NÚM. 228",8,2,"",-98.9896312952,19.5937858196,"31","31","26"
"929000",67,122,15,"PREPARATORIA OFICIAL  NÚM. 220",8,2,"",-98.9357364178,19.2748132835,"32","32","28"
"115310",65,7,9,"CONALEP IZTAPALAPA I",1,1,"Electricidad industrial",-99.0142378055,19.3612175787,"31","31","26"
"136321",65,33,15,"CONALEP CIUDAD AZTECA",1,1,"Metalmec?nica",-99.031802,19.548012,"31","31","29"
"848046",65,109,15,"CENTRO DE BACHILLERATO TECNOLÓGICO",8,3,"Tecnico en Informatica",-99.174519,19.584587,"38","42","56"
"871000",65,31,15,"COLEGIO DE BACHILLERES DEL ESTADO DE MÉXICO PLANTEL 24 CHIMALHUACÁN NORTE",8,2,"",-98.9639932037,19.4458974262,"31","32","25"
"854070",64,99,15,"CENTRO DE BACHILLERATO TECNOLÓGICO NÚM. 5",8,3,"Tecnico en gastronom?a",-98.812602,19.544281,"-","59","55"
"854076",63,99,15,"CENTRO DE BACHILLERATO TECNOLÓGICO NÚM. 5",8,3,"Tecnico en mecatr?nica",-98.812602,19.544281,"-","38","45"
"808066",62,25,15,"CENTRO DE BACHILLERATO TECNOLÓGICO NÚM. 3 SR. MAX SHEIN HEISLER",8,3,"Tecnico en dise?o asistido por computadora",-98.9308547974,19.2099462106,"55","54","59"
"814053",62,33,15,"CENTRO DE BACHILLERATO TECNOLÓGICO JUAN GUTENBERG",8,3,"Tecnico laboratorista qu?mico",-98.996295,19.6489025017,"45","50","56"
"830046",62,104,15,"CENTRO DE BACHILLERATO TECNOLÓGICO LIC. ADOLFO LÓPEZ MATEOS",8,3,"Tecnico en Informatica",-99.2140159828,19.524493,"-","40","50"
"845046",62,99,15,"CENTRO DE BACHILLERATO TECNOLÓGICO NÚM. 2",8,3,"Tecnico en Informatica",-98.9049232037,19.4905642281,"40","40","48"
"846071",62,99,15,"CENTRO DE BACHILLERATO TECNOLÓGICO NÚM. 3",8,3,"Tecnico en mercadotecnia",-98.859374,19.501759,"42","31","43"
"846082",62,99,15,"CENTRO DE BACHILLERATO TECNOLÓGICO NÚM. 3",8,3,"Tecnico en comunicaci?n",-98.859374,19.501759,"-","32","36"
"897000",62,31,15,"PREPARATORIA OFICIAL  NÚM. 225",8,2,"",-98.9774604577,19.3811339247,"31","31","27"
"934000",62,33,15,"PREPARATORIA OFICIAL  NÚM. 266",8,2,"",-99.0600446463,19.6094720041,"-","31","24"
"801077",61,2,15,"CENTRO DE BACHILLERATO TECNOLÓGICO  NÚM. 1 DR. DONATO ALARC?N SEGOVIA",8,3,"Tecnico en manufactura asistida por computadora",-98.934997,19.623009,"31","37","37"
"802046",61,2,15,"CENTRO DE BACHILLERATO TECNOLÓGICO NÚM. 2 OCTAVIO PAZ",8,3,"Tecnico en Informatica",-98.9539861679,19.7225548218,"49","47","52"
"803039",61,20,15,"CENTRO DE BACHILLERATO TECNOLÓGICO MARÍA LUISA MARINA DE SUÁREZ",8,3,"Tecnico en contabilidad",-99.086906,19.627359,"32","33","48"
"808039",61,25,15,"CENTRO DE BACHILLERATO TECNOLÓGICO NÚM. 3 SR. MAX SHEIN HEISLER",8,3,"Tecnico en contabilidad",-98.9308896661,19.2099056848,"31","31","42"
"814071",61,33,15,"CENTRO DE BACHILLERATO TECNOLÓGICO JUAN GUTENBERG",8,3,"Tecnico en mercadotecnia",-98.9963164577,19.6492258327,"39","31","48"
"827071",61,81,15,"CENTRO DE BACHILLERATO TECNOLÓGICO NÚM. 1 DR. JORGE JIMÉNEZ CANTÚ",8,3,"Tecnico en mercadotecnia",-99.0372844577,19.6748983606,"54","54","55"
"829039",61,99,15,"CENTRO DE BACHILLERATO TECNOLÓGICO DR. EDUARDO SUÁREZ A.",8,3,"Tecnico en contabilidad",-98.900868,19.522319,"33","32","37"
"830036",61,104,15,"CENTRO DE BACHILLERATO TECNOLÓGICO LIC. ADOLFO LÓPEZ MATEOS",8,3,"Tecnico en administraci?n",-99.214134,19.524493,"41","33","45"
"854081",61,99,15,"CENTRO DE BACHILLERATO TECNOLÓGICO NÚM. 5",8,3,"Tecnico en puericultura",-98.812602,19.544281,"-","53","53"
"803036",60,20,15,"CENTRO DE BACHILLERATO TECNOLÓGICO MARÍA LUISA MARINA DE SUÁREZ",8,3,"Tecnico en administraci?n",-99.086919411,19.6273968955,"48","47","57"
"805036",60,24,15,"CENTRO DE BACHILLERATO TECNOLÓGICO GABRIEL V. ALCOCER",8,3,"Tecnico en administraci?n",-99.179595,19.672171,"61","58","58"
"805039",60,24,15,"CENTRO DE BACHILLERATO TECNOLÓGICO GABRIEL V. ALCOCER",8,3,"Tecnico en contabilidad",-99.1796486442,19.6721305894,"38","40","41"
"805071",60,24,15,"CENTRO DE BACHILLERATO TECNOLÓGICO GABRIEL V. ALCOCER",8,3,"Tecnico en mercadotecnia",-99.1796775182,19.6721414199,"50","60","58"
"812046",60,31,15,"CENTRO DE BACHILLERATO TECNOLÓGICO NÚM. 2 ISAAC GUZMÁN VALDIVIA",8,3,"Tecnico en Informatica",-98.9664742037,19.4437292339,"37","31","50"
"827036",60,81,15,"CENTRO DE BACHILLERATO TECNOLÓGICO NÚM. 1 DR. JORGE JIMÉNEZ CANTÚ",8,3,"Tecnico en administraci?n",-99.0374132037,19.6753428685,"52","60","57"
"827083",60,81,15,"CENTRO DE BACHILLERATO TECNOLÓGICO NÚM. 1 DR. JORGE JIMÉNEZ CANTÚ",8,3,"Tecnico en servicios bancarios",-99.0376492381,19.6749387705,"-","34","39"
"828039",60,81,15,"CENTRO DE BACHILLERATO TECNOLÓGICO NÚM. 2 LIC. CARLOS PICHARDO",8,3,"Tecnico en contabilidad",-98.9720883965,19.7437824735,"48","54","62"
"828077",60,81,15,"CENTRO DE BACHILLERATO TECNOLÓGICO NÚM. 2 LIC. CARLOS PICHARDO",8,3,"Tecnico en manufactura asistida por computadora",-98.9720883965,19.7437824735,"39","43","37"
"830066",60,104,15,"CENTRO DE BACHILLERATO TECNOLÓGICO LIC. ADOLFO LÓPEZ MATEOS",8,3,"Tecnico en dise?o asistido por computadora",-99.2142091019,19.524493,"51","53","62"
"844046",60,81,15,"CENTRO DE BACHILLERATO TECNOLÓGICO NÚM. 3",8,3,"Tecnico en Informatica",-98.997203,19.678061,"50","56","59"
"845036",60,99,15,"CENTRO DE BACHILLERATO TECNOLÓGICO NÚM. 2",8,3,"Tecnico en administraci?n",-98.9048588307,19.4904630877,"34","31","37"
"847066",60,99,15,"CENTRO DE BACHILLERATO TECNOLÓGICO NÚM. 4",8,3,"Tecnico en dise?o asistido por computadora",-98.898768,19.44294,"47","54","62"
"847069",60,99,15,"CENTRO DE BACHILLERATO TECNOLÓGICO NÚM. 4",8,3,"Tecnico en turismo",-98.898768,19.44294,"48","53","57"
"856046",60,25,15,"CENTRO DE BACHILLERATO TECNOLÓGICO NÚM. 4",8,3,"Tecnico en Informatica",-98.9578270912,19.2047334987,"-","-","34"
"145305",59,58,15,"CONALEP DEL SOL",1,1,"Construcci?n",-99.0308478981,19.4293831179,"32","33","26"
"951000",59,33,15,"PREPARATORIA OFICIAL  NÚM. 282",8,2,"",-99.0474128723,19.6228623346,"-","-","52"
"802069",58,2,15,"CENTRO DE BACHILLERATO TECNOLÓGICO NÚM. 2 OCTAVIO PAZ",8,3,"Tecnico en turismo",-98.9540719986,19.7223932304,"56","58","56"
"814036",58,33,15,"CENTRO DE BACHILLERATO TECNOLÓGICO JUAN GUTENBERG",8,3,"Tecnico en administraci?n",-98.996295,19.649145,"31","31","27"
"135306",55,31,15,"CONALEP CHIMALHUACÁN",1,1,"Contabilidad",-98.9715469656,19.4451360763,"35","31","30"
"154311",55,104,15,"CONALEP TLALNEPANTLA I",1,1,"Electromec?nica industrial",-99.164872,19.511782,"31","31","33"
"953000",55,58,15,"PREPARATORIA OFICIAL NÚM. 288",8,2,"",-99.0010310822,19.4103437312,"-","-","54"
"959000",55,58,15,"PREPARATORIA OFICIAL NÚM. 295",8,2,"",-99.037328437,19.4736312255,"-","-","43"
"960000",55,109,15,"PREPARATORIA OFICIAL  NÚM. 296",8,2,"",-99.1765129566,19.5949175267,"-","-","45"
"955000",54,60,15,"MODULO AZOTLAN, ADSCRITO A LA PREPARATORIA OFICIAL NÚM. 262",8,2,"",-99.3055272102,19.6363630401,"-","-","27"
"115320",53,7,9,"CONALEP IZTAPALAPA I",1,1,"M?quinas herramienta",-99.0142217123,19.3612580671,"31","31","25"
"140320",53,33,15,"CONALEP VALLE DE ARAGÓN",1,1,"M?quinas herramienta",-99.0541814312,19.498723973,"31","31","26"
"797000",53,70,15,"PREPARATORIA OFICIAL  NÚM. 184",7,2,"",-98.9445874262,19.3397140532,"33","31","38"
"772000",52,39,15,"PREPARATORIA OFICIAL  NÚM. 135",7,2,"",-98.6742639542,19.3519023091,"37","35","28"
"802039",52,2,15,"CENTRO DE BACHILLERATO TECNOLÓGICO NÚM. 2 OCTAVIO PAZ",8,3,"Tecnico en contabilidad",-98.9537286758,19.7223932304,"-","32","32"
"812036",52,31,15,"CENTRO DE BACHILLERATO TECNOLÓGICO NÚM. 2 ISAAC GUZMÁN VALDIVIA",8,3,"Tecnico en administraci?n",-98.966324,19.443709,"31","33","26"
"882000",52,2,15,"COLEGIO DE BACHILLERES DEL ESTADO DE MÉXICO  PLANTEL 39 ACOLMAN",8,2,"",-98.8735842674,19.643987048,"31","31","28"
"148303",51,58,15,"CONALEP NEZAHUALCÓYOTL III",1,1,"Asistente directivo",-99.01351,19.399452,"33","33","30"
"135303",50,31,15,"CONALEP CHIMALHUACÁN",1,1,"Asistente directivo",-98.9715469656,19.4450247906,"31","31","28"
"928000",50,99,15,"PREPARATORIA OFICIAL  NÚM. 235",8,2,"",-98.8832527401,19.4718395798,"44","43","48"
"933000",50,33,15,"MODULO ADSCRITO A LA PREPARATORIA OFICIAL  NÚM. 118",8,2,"",-99.0248091817,19.4922408321,"-","31","42"
"156303",48,104,15,"CONALEP TLALNEPANTLA III",1,1,"Asistente directivo",-99.188894,19.576743,"31","31","30"
"821036",48,58,15,"CENTRO DE BACHILLERATO TECNOLÓGICO NÚM. 2           DR. MAXIMILIANO RUIZ CASTA?EDA",8,3,"Tecnico en administraci?n",-99.0216950194,19.4035845222,"32","36","36"
"936000",45,37,15,"MODULO HUIXQUILUCAN, ADSCRITO A LA PREPARATORIA OFICIAL NÚM. 262",8,2,"",-99.2594297536,19.4347050805,"-","43","49"
"956000",45,99,15,"PREPARATORIA OFICIAL  NÚM. 293",8,2,"",-98.8579308987,19.4600379089,"-","-","39"
"140306",44,33,15,"CONALEP VALLE DE ARAGÓN",1,1,"Contabilidad",-99.0542900562,19.4991306323,"31","31","29"
"827077",44,81,15,"CENTRO DE BACHILLERATO TECNOLÓGICO NÚM. 1 DR. JORGE JIMÉNEZ CANTÚ",8,3,"Tecnico en manufactura asistida por computadora",-99.0362330317,19.6747367211,"31","32","31"
"847082",44,99,15,"CENTRO DE BACHILLERATO TECNOLÓGICO NÚM. 4",8,3,"Tecnico en comunicaci?n",-98.898768,19.44294,"-","-","26"
"895000",44,31,15,"PREPARATORIA OFICIAL  NÚM. 222",8,2,"",-98.942842,19.406897,"31","31","22"
"117328",43,7,9,"CONALEP IZTAPALAPA III",1,1,"Refrigeraci?n y climatizaci?n",-99.0790997149,19.3345528405,"31","31","31"
"948000",43,39,15,"COLEGIO DE BACHILLERES DEL ESTADO DE MÉXICO PLANTEL IXTAPALUCA 56 II",8,2,"",-98.8849031925,19.3277782053,"-","31","30"
"103333",42,2,9,"CONALEP AZCAPOTZALCO",1,1,"Seguridad e higiene y Protecci?n civil",-99.1762877307,19.4876045842,"31","34","56"
"145303",42,58,15,"CONALEP DEL SOL",1,1,"Asistente directivo",-99.030923,19.429373,"31","31","28"
"843013",42,122,15,"COLEGIO DE ESTUDIOS CIENTÍFICOS Y TECNOLÓGICOS  DEL ESTADO DE MÉXICO PLANTEL VALLE DE CHALCO SOLIDARIDAD II",8,3,"Dise?o gr?fico digital",-98.9299750328,19.2657825199,"73","67","77"
"842013",41,25,15,"COLEGIO DE ESTUDIOS CIENTÍFICOS Y TECNOLÓGICOS DEL ESTADO DE MÉXICO PLANTEL CHALCO",8,3,"Dise?o gr?fico digital",-98.904977,19.246664,"77","79","83"
"843015",41,122,15,"COLEGIO DE ESTUDIOS CIENTÍFICOS Y TECNOLÓGICOS  DEL ESTADO DE MÉXICO PLANTEL VALLE DE CHALCO SOLIDARIDAD II",8,3,"Electricidad",-98.917255746,19.2885675192,"42","42","53"
"816084",40,39,15,"CENTRO DE BACHILLERATO TECNOLÓGICO NÚM. 2 GUILLERMO GONZÁLEZ CAMARENA",8,3,"Tecnico en electr?nica",-98.9055636185,19.2973246689,"-","34","21"
"821083",40,58,15,"CENTRO DE BACHILLERATO TECNOLÓGICO NÚM. 2           DR. MAXIMILIANO RUIZ CASTA?EDA",8,3,"Tecnico en servicios bancarios",-99.0216950194,19.4035845222,"-","32","28"
"842024",40,25,15,"COLEGIO DE ESTUDIOS CIENTÍFICOS Y TECNOLÓGICOS DEL ESTADO DE MÉXICO PLANTEL CHALCO",8,3,"Tecnico en m?quinas de combusti?n interna",-98.9049555423,19.2466538708,"51","50","53"
"148306",39,58,15,"CONALEP NEZAHUALCÓYOTL III",1,1,"Contabilidad",-99.013638746,19.3997353518,"32","32","27"
"892000",38,39,15,"PREPARATORIA OFICIAL  NÚM. 217",8,2,"",-98.8608893752,19.3493918678,"31","33","30"
"107306",37,4,9,"CONALEP EL ZARCO",1,1,"Contabilidad",-99.3541593909,19.2946393813,"31","35","29"
"954000",36,58,15,"PREPARATORIA OFICIAL NÚM. 299",8,2,"",-99.0461772958,19.4247891312,"-","-","34"
"156310",35,104,15,"CONALEP TLALNEPANTLA III",1,1,"Electricidad industrial",-99.1888188981,19.576743,"33","31","33"
"912000",35,31,15,"PREPARATORIA OFICIAL  NÚM. 233",8,2,"",-98.959479,19.437265,"31","31","27"
"891000",34,33,15,"PREPARATORIA OFICIAL NÚM. 212",8,2,"",-98.9882218838,19.6383637966,"31","32","21"
"949000",34,29,15,"MODULO ADSCRITO A LA PREPARATORIA OFICIAL  NÚM. 265",8,2,"",-98.9168536663,19.4081139188,"-","-","26"
"786000",33,39,15,"PREPARATORIA OFICIAL NÚM. 185",7,2,"",-98.9166430238,19.3149405981,"31","31","31"
"791000",32,39,15,"PREPARATORIA OFICIAL NÚM. 158",7,2,"",-98.8439897011,19.3859326005,"32","31","28"
"915000",32,31,15,"PREPARATORIA OFICIAL  NÚM. 237",8,2,"",-98.9385473728,19.4068894938,"-","40","27"
"796000",30,70,15,"PREPARATORIA OFICIAL  NÚM. 171",7,2,"",-98.943775,19.3600277778,"31","32","28"
"943000",28,70,15,"PREPARATORIA OFICIAL  NÚM. 265",8,2,"",-98.9456799218,19.3591502489,"-","32","31"
"154312",27,104,15,"CONALEP TLALNEPANTLA I",1,1,"Mantenimiento de sistemas electr?nicos",-99.1649095509,19.5117769436,"31","31","27"
"812083",27,31,15,"CENTRO DE BACHILLERATO TECNOLÓGICO NÚM. 2 ISAAC GUZMÁN VALDIVIA",8,3,"Tecnico en servicios bancarios",-98.9666136786,19.4435977134,"-","34","31"
"913000",27,31,15,"PREPARATORIA OFICIAL  NÚM. 234",8,2,"",-98.98783,19.4241493861,"33","36","30"
"889000",26,31,15,"PREPARATORIA OFICIAL  NÚM. 214",8,2,"",-98.9091747497,19.3960111394,"31","31","29"
"916000",25,31,15,"PREPARATORIA OFICIAL  NÚM. 238",8,2,"",-98.9855179358,19.417878524,"33","31","25"
"107325",24,4,9,"CONALEP EL ZARCO",1,1,"Producci?n y transformaci?n de productos acu?colas",-99.3540574669,19.2946444444,"31","31","30"
"911000",24,31,15,"PREPARATORIA OFICIAL  NÚM. 232",8,2,"",-98.9316913653,19.440418602,"33","32","29"
"942000",23,70,15,"GRUPO ADSCRITO A LA PREPARATORIA OFICIAL  NÚM. 16",8,2,"",-98.9272012899,19.3813130288,"-","31","31"
"896000",21,31,15,"PREPARATORIA OFICIAL  NÚM. 224",8,2,"",-98.9539511211,19.4131741027,"31","33","32"
"898000",19,31,15,"PREPARATORIA OFICIAL  NÚM. 226",8,2,"",-98.966420627,19.432509,"31","31","31"
"946000",18,122,15,"PREPARATORIA OFICIAL  NÚM. 281",8,2,"",-98.9481550455,19.3166124514,"-","31","23"
"937000",16,39,15,"PREPARATORIA OFICIAL  NÚM. 279",8,2,"",-98.8480603695,19.3547037337,"-","33","34"
"899000",15,31,15,"PREPARATORIA OFICIAL  NÚM. 227",8,2,"",-98.9713812543,19.3978603072,"33","32","30"
"950000",15,31,15,"PREPARATORIA OFICIAL  NÚM. 284",8,2,"",-98.943776245,19.3948373559,"-","-","32"
"888000",14,31,15,"PREPARATORIA OFICIAL  NÚM. 213",8,2,"",-98.9369213042,19.4101488099,"31","34","33"
"914000",14,31,15,"PREPARATORIA OFICIAL  NÚM. 236",8,2,"",-98.907534242,19.3809926027,"38","33","39"
"156306",11,104,15,"CONALEP TLALNEPANTLA III",1,1,"Contabilidad",-99.188958373,19.576743,"32","31","36"
"935000",11,33,15,"PREPARATORIA OFICIAL  NÚM. 277",8,2,"",-99.0646061607,19.5620295611,"-","31","27"
"917000",9,31,15,"PREPARATORIA OFICIAL  NÚM. 240",8,2,"",-98.9463686943,19.3911532948,"32","47","32"
"952000",8,39,15,"MODULO ADSCRITO A LA PREPARATORIA OFICIAL  NÚM. 124",8,2,"",-98.8760250807,19.3158717531,"-","-","34"
"910000",6,31,15,"PREPARATORIA OFICIAL  NÚM. 231",8,2,"",-98.9652729034,19.406818659,"31","44","38"
"932000",6,31,15,"PREPARATORIA OFICIAL  NÚM. 278",8,2,"",-98.9317986537,19.4457730231,"-","32","37"
