muncode	 statecode	 school	 name	 inst	 modalidad	 especialidad	 long	 lat	 min2011	 min2012	 min2013
2	15	701000	PREPARATORIA OFICIAL  NÚM. 107	7	2		-98.9034056332	19.6408299967	31	31	21
2	15	875000	PREPARATORIA OFICIAL  NÚM. 187	8	2		-98.976033926	19.6069601613	38	40	49
2	15	878000	PREPARATORIA OFICIAL  NÚM. 183	8	2		-98.9725190912	19.6051195977	36	37	45
2	15	882000	COLEGIO DE BACHILLERES DEL ESTADO DE MÉXICO  PLANTEL 39 ACOLMAN	8	2		-98.8735842674	19.643987048	31	31	28
2	15	931000	PREPARATORIA OFICIAL  NÚM. 269	8	2		-98.8938832283	19.6161393484	-	31	35
2	15	801053	CENTRO DE BACHILLERATO TECNOLÓGICO  NÚM. 1 DR. DONATO ALARC?N SEGOVIA	8	3	Tecnico laboratorista qu?mico	-98.934997	19.623009	57	56	55
2	15	801070	CENTRO DE BACHILLERATO TECNOLÓGICO  NÚM. 1 DR. DONATO ALARC?N SEGOVIA	8	3	Tecnico en gastronom?a	-98.934997	19.623009	70	72	60
2	15	801076	CENTRO DE BACHILLERATO TECNOLÓGICO  NÚM. 1 DR. DONATO ALARC?N SEGOVIA	8	3	Tecnico en mecatr?nica	-98.934997	19.623009	58	56	54
2	15	801077	CENTRO DE BACHILLERATO TECNOLÓGICO  NÚM. 1 DR. DONATO ALARC?N SEGOVIA	8	3	Tecnico en manufactura asistida por computadora	-98.934997	19.623009	31	37	37
2	15	802039	CENTRO DE BACHILLERATO TECNOLÓGICO NÚM. 2 OCTAVIO PAZ	8	3	Tecnico en contabilidad	-98.9537286758	19.7223932304	-	32	32
2	15	802046	CENTRO DE BACHILLERATO TECNOLÓGICO NÚM. 2 OCTAVIO PAZ	8	3	Tecnico en Informatica	-98.9539861679	19.7225548218	49	47	52
2	15	802069	CENTRO DE BACHILLERATO TECNOLÓGICO NÚM. 2 OCTAVIO PAZ	8	3	Tecnico en turismo	-98.9540719986	19.7223932304	56	58	56
13	15	129316	CONALEP ATIZAPÁN I	1	1	Inform?tica	-99.2666626029	19.5525567629	31	36	38
13	15	129319	CONALEP ATIZAPÁN I	1	1	Mantenimiento de sistemas autom?ticos	-99.2666010172	19.5526186457	31	31	25
13	15	129336	CONALEP ATIZAPÁN I	1	1	Autotr?nica	-99.2666018745	19.5526192205	31	31	29
13	15	130306	CONALEP ATIZAPÁN II	1	1	Contabilidad	-99.2312977684	19.6069978648	31	31	25
13	15	130311	CONALEP ATIZAPÁN II	1	1	Electromec?nica industrial	-99.2313515731	19.6069848498	31	31	22
13	15	130317	CONALEP ATIZAPÁN II	1	1	Soporte y mantenimiento de equipo de c?mputo	-99.2313278643	19.6069865051	31	33	34
13	15	435000	CENTRO DE ESTUDIOS TECNOLÓGICOS INDUSTRIAL Y DE SERVICIOS NÚM. 35	4	3	Componente de formaci?n b?sica, Administraci?n de 	-99.2642217054	19.5699449712	41	41	47
13	15	436000	CENTRO DE ESTUDIOS TECNOLÓGICOS INDUSTRIAL Y DE SERVICIOS NÚM. 92	4	3	Componente de formaci?n b?sica, Administraci?n de 	-99.2458105087	19.53243096	34	32	37
13	15	702000	PREPARATORIA OFICIAL  NÚM. 64	7	2		-99.2683695562	19.5613326276	49	49	56
13	15	703000	PREPARATORIA OFICIAL  NÚM. 87	7	2		-99.2671976232	19.5947749291	51	52	58
13	15	704000	PREPARATORIA OFICIAL ANEXA A LA NORMAL DE ATIZAPÁN	7	2		-99.2526868019	19.5576970168	73	76	81
13	15	883000	PREPARATORIA OFICIAL  NÚM. 210	8	2		-99.2193619679	19.5949694457	31	31	32
13	15	855046	CENTRO DE BACHILLERATO TECNOLÓGICO	8	3	Tecnico en Informatica	-99.2291808128	19.5448675243	-	-	22
20	15	131306	CONALEP COACALCO	1	1	Contabilidad	-99.11877	19.642972	31	31	27
20	15	131316	CONALEP COACALCO	1	1	Inform?tica	-99.11877	19.642972	43	44	47
20	15	131327	CONALEP COACALCO	1	1	Qu?mica industrial	-99.11877	19.642972	31	31	28
20	15	437000	CENTRO DE BACHILLERATO TECNOLÓGICO INDUSTRIAL Y DE SERVICIOS NÚM. 133	4	3	Componente de formaci?n b?sica, Construcci?n, Sopo	-99.096444	19.643376	56	56	63
20	15	705000	PREPARATORIA OFICIAL  NÚM. 52	7	2		-99.088681	19.61522	60	61	69
20	15	706000	PREPARATORIA OFICIAL  NÚM. 99	7	2		-99.093976	19.635575	85	87	92
20	15	707000	PREPARATORIA OFICIAL ANEXA A LA NORMAL DE COACALCO	7	2		-99.1009292269	19.6231484722	78	80	84
20	15	776000	PREPARATORIA OFICIAL NÚM. 137	7	2		-99.101743279	19.6501921152	67	67	74
20	15	876000	PREPARATORIA OFICIAL  NÚM. 170	8	2		-99.0939310976	19.6130686752	45	45	55
20	15	803036	CENTRO DE BACHILLERATO TECNOLÓGICO MARÍA LUISA MARINA DE SUÁREZ	8	3	Tecnico en administraci?n	-99.086919411	19.6273968955	48	47	57
20	15	803039	CENTRO DE BACHILLERATO TECNOLÓGICO MARÍA LUISA MARINA DE SUÁREZ	8	3	Tecnico en contabilidad	-99.086906	19.627359	32	33	48
20	15	803046	CENTRO DE BACHILLERATO TECNOLÓGICO MARÍA LUISA MARINA DE SUÁREZ	8	3	Tecnico en Informatica	-99.086906	19.627359	40	42	49
20	15	804067	COLEGIO DE ESTUDIOS CIENTÍFICOS Y TECNOLÓGICOS  DEL ESTADO DE MÉXICO PLANTEL COACALCO	8	3	Tecnico en mantenimiento de equipo y sistemas	-99.1011373037	19.621576262	59	57	71
20	15	804085	COLEGIO DE ESTUDIOS CIENTÍFICOS Y TECNOLÓGICOS  DEL ESTADO DE MÉXICO PLANTEL COACALCO	8	3	Desarrollo Organizacional	-99.101099968	19.6215687943	-	-	46
20	15	804087	COLEGIO DE ESTUDIOS CIENTÍFICOS Y TECNOLÓGICOS  DEL ESTADO DE MÉXICO PLANTEL COACALCO	8	3	Programaci?n	-99.1012174203	19.6215555956	-	-	70
24	15	893000	PREPARATORIA OFICIAL  NÚM. 223	8	2		-99.163988489	19.6882367003	42	41	56
24	15	805036	CENTRO DE BACHILLERATO TECNOLÓGICO GABRIEL V. ALCOCER	8	3	Tecnico en administraci?n	-99.179595	19.672171	61	58	58
24	15	805039	CENTRO DE BACHILLERATO TECNOLÓGICO GABRIEL V. ALCOCER	8	3	Tecnico en contabilidad	-99.1796486442	19.6721305894	38	40	41
24	15	805046	CENTRO DE BACHILLERATO TECNOLÓGICO GABRIEL V. ALCOCER	8	3	Tecnico en Informatica	-99.179595	19.6721811026	57	58	55
24	15	805071	CENTRO DE BACHILLERATO TECNOLÓGICO GABRIEL V. ALCOCER	8	3	Tecnico en mercadotecnia	-99.1796775182	19.6721414199	50	60	58
24	15	805076	CENTRO DE BACHILLERATO TECNOLÓGICO GABRIEL V. ALCOCER	8	3	Tecnico en mecatr?nica	-99.179595	19.672171	75	81	72
24	15	841046	CENTRO DE BACHILLERATO TECNOLÓGICO NÚM. 2	8	3	Tecnico en Informatica	-99.14580971	19.6839853887	55	53	61
24	15	841066	CENTRO DE BACHILLERATO TECNOLÓGICO NÚM. 2	8	3	Tecnico en dise?o asistido por computadora	-99.1455313346	19.6839149034	52	53	56
24	15	851089	COLEGIO DE ESTUDIOS CIENTÍFICOS Y TECNOLÓGICOS  DEL ESTADO DE MÉXICO PLANTEL CUAUTITLÁN	8	3	Tecnico programador de software	-99.1553932428	19.6731709466	-	-	51
121	15	132302	CONALEP CUAUTITLÁN	1	1	Alimentos y bebidas	-99.213066	19.671171	57	58	58
121	15	132309	CONALEP CUAUTITLÁN	1	1	Asistente y protesista dental	-99.213066	19.6711912054	31	31	26
121	15	132313	CONALEP CUAUTITLÁN	1	1	Enfermer?a general	-99.213066	19.671272027	45	49	56
121	15	132314	CONALEP CUAUTITLÁN	1	1	Hospitalidad tur?stica	-99.2131518307	19.6713629512	31	31	27
121	15	133306	CONALEP ING. BERNARDO QUINTANA ARRIOJA - CUAUTITLÁN	1	1	Contabilidad	-99.210384	19.674919	32	31	25
121	15	133316	CONALEP ING. BERNARDO QUINTANA ARRIOJA - CUAUTITLÁN	1	1	Inform?tica	-99.2103303558	19.6749088975	31	31	25
121	15	133319	CONALEP ING. BERNARDO QUINTANA ARRIOJA - CUAUTITLÁN	1	1	Mantenimiento de sistemas autom?ticos	-99.2104161865	19.6748280778	31	31	26
121	15	133320	CONALEP ING. BERNARDO QUINTANA ARRIOJA - CUAUTITLÁN	1	1	M?quinas herramienta	-99.2104912884	19.6749998197	31	31	26
121	15	438000	CENTRO DE BACHILLERATO TECNOLÓGICO INDUSTRIAL Y DE SERVICIOS NÚM. 160	4	3	Componente de formaci?n b?sica, Administraci?n de 	-99.185793	19.690395	39	41	50
121	15	708000	PREPARATORIA OFICIAL  NÚM. 113	7	2		-99.2212567832	19.67392752	49	44	50
121	15	709000	PREPARATORIA OFICIAL  NÚM. 67	7	2		-99.2049333558	19.6869069158	62	61	67
121	15	710000	PREPARATORIA OFICIAL  NÚM. 11	7	2		-99.2132942213	19.6725070069	71	71	77
121	15	711000	PREPARATORIA OFICIAL   NÚM. 114	7	2		-99.2328304725	19.6175003491	33	31	42
121	15	712000	PREPARATORIA OFICIAL ANEXA A LA NORMAL DE CUAUTITLÁN IZCALLI	7	2		-99.20429	19.649145	87	86	91
121	15	773000	PREPARATORIA OFICIAL  NÚM. 126	7	2		-99.2249536514	19.651176131	38	35	48
121	15	795000	PREPARATORIA OFICIAL  NÚM. 163	7	2		-99.199360013	19.6305428538	32	31	42
121	15	887000	PREPARATORIA OFICIAL  NÚM. 241	8	2		-99.2618555556	19.6717472222	32	31	43
121	15	894000	PREPARATORIA OFICIAL  NÚM. 272	8	2		-99.2601013184	19.6431533851	65	31	36
121	15	806021	COLEGIO DE ESTUDIOS CIENTÍFICOS Y TECNOLÓGICOS DEL ESTADO DE MÉXICO PLANTEL CUAUTITLÁN IZCALLI	8	3	Laboratorista qu?mico	-99.219603	19.627612	31	44	53
121	15	806087	COLEGIO DE ESTUDIOS CIENTÍFICOS Y TECNOLÓGICOS DEL ESTADO DE MÉXICO PLANTEL CUAUTITLÁN IZCALLI	8	3	Programaci?n	-99.2195892334	19.6274704874	-	-	40
121	15	806093	COLEGIO DE ESTUDIOS CIENTÍFICOS Y TECNOLÓGICOS DEL ESTADO DE MÉXICO PLANTEL CUAUTITLÁN IZCALLI	8	3	Estudios de mercado y entornos sociales	-99.2192673683	19.626904581	-	-	-
25	15	134306	CONALEP CHALCO	1	1	Contabilidad	-98.90679	19.271336	31	32	21
25	15	134311	CONALEP CHALCO	1	1	Electromec?nica industrial	-98.9067149162	19.2717617298	31	31	22
25	15	134313	CONALEP CHALCO	1	1	Enfermer?a general	-98.90679	19.271336	51	54	60
25	15	439000	CENTRO DE ESTUDIOS TECNOLÓGICOS INDUSTRIAL Y DE SERVICIOS NÚM. 96	4	3	Componente de formaci?n b?sica, Administraci?n de 	-98.834330204	19.276302186	41	39	47
25	15	713000	PREPARATORIA OFICIAL  NÚM. 30	7	2		-98.886196	19.267017	60	60	63
25	15	714000	PREPARATORIA OFICIAL  NÚM. 54	7	2		-98.9158689167	19.2875897505	43	42	44
25	15	715000	PREPARATORIA OFICIAL  NÚM. 70	7	2		-98.9050053033	19.2101234661	34	33	25
25	15	716000	PREPARATORIA OFICIAL ANEXA A LA NORMAL DE CHALCO	7	2		-98.888583	19.267397	76	76	78
25	15	775000	PREPARATORIA OFICIAL  NÚM. 127	7	2		-98.9254903915	19.2326745788	31	31	25
25	15	782000	PREPARATORIA OFICIAL NÚM. 198	7	2		-98.8179445267	19.257106391	31	31	25
25	15	807044	CENTRO DE BACHILLERATO TECNOLÓGICO NÚM. 2 ÁNGEL MARÍA GARIBAY KINTANA	8	3	Enfermer?a general	-98.8182623311	19.2287426402	51	56	60
25	15	808039	CENTRO DE BACHILLERATO TECNOLÓGICO NÚM. 3 SR. MAX SHEIN HEISLER	8	3	Tecnico en contabilidad	-98.9308896661	19.2099056848	31	31	42
25	15	808046	CENTRO DE BACHILLERATO TECNOLÓGICO NÚM. 3 SR. MAX SHEIN HEISLER	8	3	Tecnico en Informatica	-98.9310237765	19.2099132833	38	36	38
25	15	808066	CENTRO DE BACHILLERATO TECNOLÓGICO NÚM. 3 SR. MAX SHEIN HEISLER	8	3	Tecnico en dise?o asistido por computadora	-98.9308547974	19.2099462106	55	54	59
25	15	842013	COLEGIO DE ESTUDIOS CIENTÍFICOS Y TECNOLÓGICOS DEL ESTADO DE MÉXICO PLANTEL CHALCO	8	3	Dise?o gr?fico digital	-98.904977	19.246664	77	79	83
25	15	842024	COLEGIO DE ESTUDIOS CIENTÍFICOS Y TECNOLÓGICOS DEL ESTADO DE MÉXICO PLANTEL CHALCO	8	3	Tecnico en m?quinas de combusti?n interna	-98.9049555423	19.2466538708	51	50	53
25	15	856046	CENTRO DE BACHILLERATO TECNOLÓGICO NÚM. 4	8	3	Tecnico en Informatica	-98.9578270912	19.2047334987	-	-	34
25	15	858046	CENTRO DE BACHILLERATO TECNOLÓGICO NÚM. 5	8	3	Tecnico en Informatica	-98.8938832283	19.2902051346	-	-	-
25	15	858066	CENTRO DE BACHILLERATO TECNOLÓGICO NÚM. 5	8	3	Tecnico en dise?o asistido por computadora	-98.8936257362	19.2900836166	-	-	-
25	15	858070	CENTRO DE BACHILLERATO TECNOLÓGICO NÚM. 5	8	3	Tecnico en gastronom?a	-98.8937115669	19.2900431106	-	-	-
29	15	717000	PREPARATORIA OFICIAL  NÚM. 15	7	2		-98.902895	19.420014	31	31	21
29	15	718000	PREPARATORIA OFICIAL  NÚM. 55	7	2		-98.926424	19.402498	31	31	24
29	15	789000	PREPARATORIA OFICIAL  NÚM. 143	7	2		-98.884935379	19.4204183718	31	31	28
29	15	870000	COLEGIO DE BACHILLERES DEL ESTADO DE MÉXICO  PLANTEL 22 CHICOLOAPAN	8	2		-98.8902193308	19.4120805876	31	32	27
29	15	880000	COLEGIO DE BACHILLERES DEL ESTADO DE MÉXICO  PLANTEL 31 CHICOLOAPAN	8	2		-98.8852550144	19.4227419192	31	31	31
29	15	949000	MODULO ADSCRITO A LA PREPARATORIA OFICIAL  NÚM. 265	8	2		-98.9168536663	19.4081139188	-	-	26
29	15	809027	COLEGIO DE ESTUDIOS CIENTÍFICOS Y TECNOLÓGICOS DEL ESTADO DE MÉXICO PLANTEL CHICOLOAPAN	8	3	Producci?n industrial	-98.8990892792	19.4075217103	31	31	51
29	15	809088	COLEGIO DE ESTUDIOS CIENTÍFICOS Y TECNOLÓGICOS DEL ESTADO DE MÉXICO PLANTEL CHICOLOAPAN	8	3	Soporte y mantenimiento de equipo de c?mputo	-98.8988399506	19.4080329653	-	-	59
29	15	809090	COLEGIO DE ESTUDIOS CIENTÍFICOS Y TECNOLÓGICOS DEL ESTADO DE MÉXICO PLANTEL CHICOLOAPAN	8	3	Tecnico en procesos de gesti?n administrativa	-98.8984107971	19.4079115351	-	-	28
31	15	135303	CONALEP CHIMALHUACÁN	1	1	Asistente directivo	-98.9715469656	19.4450247906	31	31	28
31	15	135306	CONALEP CHIMALHUACÁN	1	1	Contabilidad	-98.9715469656	19.4451360763	35	31	30
31	15	135311	CONALEP CHIMALHUACÁN	1	1	Electromec?nica industrial	-98.9714182196	19.4450247906	31	31	28
31	15	135316	CONALEP CHIMALHUACÁN	1	1	Inform?tica	-98.9716971693	19.4449236218	31	31	28
31	15	719000	PREPARATORIA OFICIAL  NÚM. 16	7	2		-98.943332	19.440947	31	31	25
31	15	720000	PREPARATORIA OFICIAL  NÚM. 62	7	2		-98.9664419421	19.4205924787	31	31	30
31	15	721000	PREPARATORIA OFICIAL  NÚM. 75	7	2		-98.975089545	19.4084280936	31	31	26
31	15	722000	PREPARATORIA OFICIAL  NÚM. 85	7	2		-98.9728369312	19.4403402509	32	31	24
31	15	723000	PREPARATORIA OFICIAL  NÚM. 98	7	2		-98.9583017142	19.387662886	31	31	25
31	15	724000	COLEGIO DE BACHILLERES DEL ESTADO DE MÉXICO PLANTEL 03 CHIMALHUACÁN SUR	7	2		-98.9269174577	19.4172812884	31	31	34
31	15	798000	PREPARATORIA OFICIAL  NÚM. 164	7	2		-98.9341268981	19.4277595334	31	32	30
31	15	871000	COLEGIO DE BACHILLERES DEL ESTADO DE MÉXICO PLANTEL 24 CHIMALHUACÁN NORTE	8	2		-98.9639932037	19.4458974262	31	32	25
31	15	888000	PREPARATORIA OFICIAL  NÚM. 213	8	2		-98.9369213042	19.4101488099	31	34	33
31	15	889000	PREPARATORIA OFICIAL  NÚM. 214	8	2		-98.9091747497	19.3960111394	31	31	29
31	15	895000	PREPARATORIA OFICIAL  NÚM. 222	8	2		-98.942842	19.406897	31	31	22
31	15	896000	PREPARATORIA OFICIAL  NÚM. 224	8	2		-98.9539511211	19.4131741027	31	33	32
31	15	897000	PREPARATORIA OFICIAL  NÚM. 225	8	2		-98.9774604577	19.3811339247	31	31	27
31	15	898000	PREPARATORIA OFICIAL  NÚM. 226	8	2		-98.966420627	19.432509	31	31	31
31	15	899000	PREPARATORIA OFICIAL  NÚM. 227	8	2		-98.9713812543	19.3978603072	33	32	30
31	15	910000	PREPARATORIA OFICIAL  NÚM. 231	8	2		-98.9652729034	19.406818659	31	44	38
31	15	911000	PREPARATORIA OFICIAL  NÚM. 232	8	2		-98.9316913653	19.440418602	33	32	29
31	15	912000	PREPARATORIA OFICIAL  NÚM. 233	8	2		-98.959479	19.437265	31	31	27
31	15	913000	PREPARATORIA OFICIAL  NÚM. 234	8	2		-98.98783	19.4241493861	33	36	30
31	15	914000	PREPARATORIA OFICIAL  NÚM. 236	8	2		-98.907534242	19.3809926027	38	33	39
31	15	915000	PREPARATORIA OFICIAL  NÚM. 237	8	2		-98.9385473728	19.4068894938	-	40	27
31	15	916000	PREPARATORIA OFICIAL  NÚM. 238	8	2		-98.9855179358	19.417878524	33	31	25
31	15	917000	PREPARATORIA OFICIAL  NÚM. 240	8	2		-98.9463686943	19.3911532948	32	47	32
31	15	932000	PREPARATORIA OFICIAL  NÚM. 278	8	2		-98.9317986537	19.4457730231	-	32	37
31	15	950000	PREPARATORIA OFICIAL  NÚM. 284	8	2		-98.943776245	19.3948373559	-	-	32
31	15	810016	COLEGIO DE ESTUDIOS CIENTÍFICOS Y TECNOLÓGICOS DEL ESTADO DE MÉXICO PLANTEL CHIMALHUACÁN	8	3	Electr?nica	-98.942624	19.443507	32	40	47
31	15	810085	COLEGIO DE ESTUDIOS CIENTÍFICOS Y TECNOLÓGICOS DEL ESTADO DE MÉXICO PLANTEL CHIMALHUACÁN	8	3	Desarrollo organizacional	-98.9424794912	19.4437194002	-	-	31
31	15	810087	COLEGIO DE ESTUDIOS CIENTÍFICOS Y TECNOLÓGICOS DEL ESTADO DE MÉXICO PLANTEL CHIMALHUACÁN	8	3	Programaci?n	-98.9425760508	19.4433501308	-	-	29
31	15	811044	CENTRO DE BACHILLERATO TECNOLÓGICO NÚM. 1 LIC. AGUSTÍN REYES PONCE	8	3	Enfermer?a general	-98.9854412547	19.4290883321	49	50	58
31	15	811046	CENTRO DE BACHILLERATO TECNOLÓGICO NÚM. 1 LIC. AGUSTÍN REYES PONCE	8	3	Tecnico en Informatica	-98.9854538441	19.4289580859	31	31	27
31	15	811081	CENTRO DE BACHILLERATO TECNOLÓGICO NÚM. 1 LIC. AGUSTÍN REYES PONCE	8	3	Tecnico en puericultura	-98.9854645729	19.429039029	-	-	-
31	15	812036	CENTRO DE BACHILLERATO TECNOLÓGICO NÚM. 2 ISAAC GUZMÁN VALDIVIA	8	3	Tecnico en administraci?n	-98.966324	19.443709	31	33	26
31	15	812046	CENTRO DE BACHILLERATO TECNOLÓGICO NÚM. 2 ISAAC GUZMÁN VALDIVIA	8	3	Tecnico en Informatica	-98.9664742037	19.4437292339	37	31	50
31	15	812053	CENTRO DE BACHILLERATO TECNOLÓGICO NÚM. 2 ISAAC GUZMÁN VALDIVIA	8	3	Tecnico laboratorista qu?mico	-98.9666673228	19.443921456	32	51	39
31	15	812083	CENTRO DE BACHILLERATO TECNOLÓGICO NÚM. 2 ISAAC GUZMÁN VALDIVIA	8	3	Tecnico en servicios bancarios	-98.9666136786	19.4435977134	-	34	31
31	15	852089	COLEGIO DE ESTUDIOS CIENTÍFICOS Y TECNOLÓGICOS DEL ESTADO DE MÉXICO PLANTEL CHIMALHUACÁN II	8	3	Tecnico programador de software	-98.9736413956	19.4440330257	-	-	29
31	15	852094	COLEGIO DE ESTUDIOS CIENTÍFICOS Y TECNOLÓGICOS DEL ESTADO DE MÉXICO PLANTEL CHIMALHUACÁN II	8	3	Animacion Digital	-98.9736989737	19.4440940644	-	-	-
33	15	19000	PLANTEL 19, ECATEPEC	0	2	Inicio agosto del 2014	-99.0261910258	19.5560297828	50	52	57
33	15	136310	CONALEP CIUDAD AZTECA	1	1	Electricidad industrial	-99.0317590847	19.5479083679	32	31	34
33	15	136321	CONALEP CIUDAD AZTECA	1	1	Metalmec?nica	-99.031802	19.548012	31	31	29
33	15	136327	CONALEP CIUDAD AZTECA	1	1	Qu?mica industrial	-99.0316947116	19.5480827731	31	31	26
33	15	136328	CONALEP CIUDAD AZTECA	1	1	Refrigeraci?n y climatizaci?n	-99.0315498724	19.5480246381	31	31	23
33	15	137303	CONALEP ECATEPEC I	1	1	Asistente directivo	-99.0017346012	19.6469983029	31	32	30
33	15	137311	CONALEP ECATEPEC I	1	1	Electromec?nica industrial	-99.001976	19.6470387197	31	31	27
33	15	137312	CONALEP ECATEPEC I	1	1	Mantenimiento de sistemas electr?nicos	-99.0021208393	19.646872	31	31	23
33	15	137316	CONALEP ECATEPEC I	1	1	Inform?tica	-99.001911627	19.6468265309	31	31	18
33	15	138301	CONALEP ECATEPEC II	1	1	Administraci?n	-99.0289222222	19.5066222222	31	31	22
33	15	138306	CONALEP ECATEPEC II	1	1	Contabilidad	-99.0292340252	19.5068358621	31	31	29
33	15	138316	CONALEP ECATEPEC II	1	1	Inform?tica	-99.0293574069	19.5066437146	31	31	24
33	15	138317	CONALEP ECATEPEC II	1	1	Soporte y mantenimiento de equipo de c?mputo	-99.0292447541	19.5064414538	31	31	21
33	15	139306	CONALEP ECATEPEC III	1	1	Contabilidad	-99.06238	19.625677	31	31	29
33	15	139320	CONALEP ECATEPEC III	1	1	M?quinas herramienta	-99.06214933	19.6257174223	31	31	21
33	15	139336	CONALEP ECATEPEC III	1	1	Autotr?nica	-99.0623317202	19.625838689	31	31	22
33	15	140303	CONALEP VALLE DE ARAGÓN	1	1	Asistente directivo	-99.0540687784	19.499179081	31	31	29
33	15	140306	CONALEP VALLE DE ARAGÓN	1	1	Contabilidad	-99.0542900562	19.4991306323	31	31	29
33	15	140308	CONALEP VALLE DE ARAGÓN	1	1	Conservacion del medio ambiente	-99.054175973	19.4992219908	-	-	-
33	15	140320	CONALEP VALLE DE ARAGÓN	1	1	M?quinas herramienta	-99.0541814312	19.498723973	31	31	26
33	15	440000	CENTRO DE BACHILLERATO TECNOLÓGICO INDUSTRIAL Y DE SERVICIOS NÚM. 29	4	3	Componente de formaci?n b?sica, Administraci?n de 	-99.059320001	19.6054133369	64	65	71
33	15	441000	CENTRO DE BACHILLERATO TECNOLÓGICO INDUSTRIAL Y DE SERVICIOS NÚM. 202	4	3	Componente de formaci?n b?sica, Log?stica, Laborat	-98.9968804246	19.5932295448	49	52	59
33	15	442000	CENTRO DE ESTUDIOS TECNOLÓGICOS INDUSTRIAL Y DE SERVICIOS NÚM. 65	4	3	Componente de formaci?n b?sica, Administraci?n de 	-99.0195881454	19.6137029642	31	31	37
33	15	443000	CENTRO DE ESTUDIOS TECNOLÓGICOS INDUSTRIAL Y DE SERVICIOS NÚM. 119	4	3	Componente de formaci?n b?sica, Dise?o de modas, P	-99.0302570172	19.5132483651	43	36	41
33	15	503100	CECyT NÚM. 3 ESTANISLAO RAMÍREZ RUIZ RAMA DE INGENIERÍA Y CIENCIAS  FÍSICO ? MATEMÁTICAS	5	3	Tecnico en computaci?n, Tecnico en sistemas de con	-99.0190086759	19.5707887772	92	93	96
33	15	725000	PREPARATORIA OFICIAL  NÚM. 48	7	2		-99.0091182591	19.6425674934	33	31	28
33	15	726000	PREPARATORIA OFICIAL  NÚM. 49	7	2		-99.0669872804	19.5250305793	52	45	52
33	15	727000	PREPARATORIA OFICIAL  NÚM. 81	7	2		-98.995909297	19.5947129793	57	58	63
33	15	728000	PREPARATORIA OFICIAL  NÚM. 94	7	2		-98.9840213558	19.6414910915	31	31	24
33	15	729000	PREPARATORIA OFICIAL  NÚM. 110	7	2		-99.0707588196	19.5737207057	31	31	22
33	15	730000	PREPARATORIA OFICIAL  NÚM. 115	7	2		-99.0216155926	19.5183910649	45	43	46
33	15	731000	PREPARATORIA OFICIAL ANEXA A LA NORMAL DE ECATEPEC	7	2		-99.041051216	19.6054846212	83	85	88
33	15	732000	COLEGIO DE BACHILLERES DEL ESTADO DE MÉXICO PLANTEL 10 ECATEPEC NORTE	7	2		-99.026535	19.601639	40	38	39
33	15	733000	COLEGIO DE BACHILLERES DEL ESTADO DE MÉXICO PLANTEL 02 ECATEPEC SUR	7	2		-99.068006093	19.514127066	31	31	26
33	15	774000	PREPARATORIA OFICIAL  NÚM. 125	7	2		-98.9838767052	19.6482257471	31	31	24
33	15	783000	PREPARATORIA OFICIAL NÚM. 128	7	2		-99.0734088421	19.5490937158	31	31	23
33	15	872000	COLEGIO DE BACHILLERES DEL ESTADO DE MÉXICO PLANTEL 23 ECATEPEC LA CAÑADA	8	2		-99.0867393196	19.5673441772	31	32	28
33	15	890000	PREPARATORIA OFICIAL NÚM. 211	8	2		-99.0652993908	19.6363994108	31	31	37
33	15	891000	PREPARATORIA OFICIAL NÚM. 212	8	2		-98.9882218838	19.6383637966	31	32	21
33	15	918000	PREPARATORIA OFICIAL  NÚM. 221	8	2		-99.0404176712	19.4988980217	31	31	27
33	15	919000	PREPARATORIA OFICIAL  NÚM. 228	8	2		-98.9896312952	19.5937858196	31	31	26
33	15	920000	PREPARATORIA OFICIAL  NÚM. 257	8	2		-99.0259549189	19.6074199108	39	44	50
33	15	921000	PREPARATORIA OFICIAL  NÚM. 258	8	2		-99.016557	19.579422	50	51	63
33	15	922000	PREPARATORIA OFICIAL  NÚM. 259	8	2		-99.0409272909	19.5264044429	31	35	42
33	15	923000	PREPARATORIA OFICIAL  NÚM. 260	8	2		-99.0128657389	19.6189158868	46	31	28
33	15	933000	MODULO ADSCRITO A LA PREPARATORIA OFICIAL  NÚM. 118	8	2		-99.0248091817	19.4922408321	-	31	42
33	15	934000	PREPARATORIA OFICIAL  NÚM. 266	8	2		-99.0600446463	19.6094720041	-	31	24
33	15	935000	PREPARATORIA OFICIAL  NÚM. 277	8	2		-99.0646061607	19.5620295611	-	31	27
33	15	947000	PREPARATORIA OFICIAL  NÚM. 301	8	2		-99.0178627975	19.6011341898	-	31	15
33	15	951000	PREPARATORIA OFICIAL  NÚM. 282	8	2		-99.0474128723	19.6228623346	-	-	52
33	15	813086	COLEGIO DE ESTUDIOS CIENTÍFICOS Y TECNOLÓGICOS DEL ESTADO DE MÉXICO PLANTEL ECATEPEC	8	3	Log?stica	-99.0552449226	19.5980002844	-	-	45
33	15	813087	COLEGIO DE ESTUDIOS CIENTÍFICOS Y TECNOLÓGICOS DEL ESTADO DE MÉXICO PLANTEL ECATEPEC	8	3	Programaci?n	-99.0549981594	19.598121572	-	-	61
33	15	813090	COLEGIO DE ESTUDIOS CIENTÍFICOS Y TECNOLÓGICOS DEL ESTADO DE MÉXICO PLANTEL ECATEPEC	8	3	Tecnico en procesos de gesti?n administrativa	-99.0552273989	19.5981926599	-	-	51
33	15	814036	CENTRO DE BACHILLERATO TECNOLÓGICO JUAN GUTENBERG	8	3	Tecnico en administraci?n	-98.996295	19.649145	31	31	27
33	15	814053	CENTRO DE BACHILLERATO TECNOLÓGICO JUAN GUTENBERG	8	3	Tecnico laboratorista qu?mico	-98.996295	19.6489025017	45	50	56
33	15	814071	CENTRO DE BACHILLERATO TECNOLÓGICO JUAN GUTENBERG	8	3	Tecnico en mercadotecnia	-98.9963164577	19.6492258327	39	31	48
33	15	834055	COLEGIO DE ESTUDIOS CIENTÍFICOS Y TECNOLÓGICOS DEL ESTADO DE MÉXICO PLANTEL ECATEPEC II	8	3	Tecnico en trabajo social	-99.034699	19.506463	47	61	47
33	15	834087	COLEGIO DE ESTUDIOS CIENTÍFICOS Y TECNOLÓGICOS DEL ESTADO DE MÉXICO PLANTEL ECATEPEC II	8	3	Programaci?n	-99.0348815918	19.5063009452	-	-	41
33	15	859070	CENTRO DE BACHILLERATO TECNOLÓGICO NÚM. 2	8	3	Tecnico en gastronom?a	-99.0744266514	19.5391906379	-	-	-
33	15	859081	CENTRO DE BACHILLERATO TECNOLÓGICO NÚM. 2	8	3	Tecnico en puericultura	-99.0744146705	19.5391905537	-	-	-
33	15	859092	CENTRO DE BACHILLERATO TECNOLÓGICO NÚM. 2	8	3	Tecnico en autotr?nica	-99.0744200349	19.5391753872	-	-	-
37	15	141306	CONALEP HUIXQUILUCAN	1	1	Contabilidad	-99.3442103099	19.3585516452	31	31	24
37	15	141336	CONALEP HUIXQUILUCAN	1	1	Autotr?nica	-99.3442103099	19.3585516452	31	31	26
37	15	734000	PREPARATORIA OFICIAL  NÚM. 89	7	2		-99.298109049	19.375135173	51	52	57
37	15	735000	COLEGIO DE BACHILLERES DEL ESTADO DE MÉXICO PLANTEL 09 HUIXQUILUCAN SUR	7	2		-99.322772384	19.4129511504	36	32	43
37	15	784000	COLEGIO DE BACHILLERES DEL ESTADO DE MÉXICO PLANTEL 17 HUIXQUILUCAN NORTE	7	2		-99.2756612719	19.4166384788	31	31	38
37	15	790000	PREPARATORIA OFICIAL  NÚM. 149	7	2		-99.281173	19.389306	39	39	40
37	15	936000	MODULO HUIXQUILUCAN, ADSCRITO A LA PREPARATORIA OFICIAL NÚM. 262	8	2		-99.2594297536	19.4347050805	-	43	49
37	15	857087	COLEGIO DE ESTUDIOS CIENTÍFICOS Y TECNOLÓGICOS DEL ESTADO DE MÉXICO PLANTEL HUIXQUILUCAN	8	3	Programaci?n	-99.3520663208	19.3598396217	-	-	37
37	15	860036	CENTRO DE BACHILLERATO TECNOLÓGICO	8	3	Tecnico en administraci?n	-99.385335	19.352813	-	-	-
37	15	860039	CENTRO DE BACHILLERATO TECNOLÓGICO	8	3	Tecnico en contabilidad	-99.37530756	19.3833800995	-	-	-
39	15	142315	CONALEP IXTAPALUCA	1	1	Industria del vestido	-98.9319635693	19.3178881137	47	42	28
39	15	142316	CONALEP IXTAPALUCA	1	1	Inform?tica	-98.9319635693	19.3178881137	31	31	25
39	15	142327	CONALEP IXTAPALUCA	1	1	Qu?mica industrial	-98.9319635693	19.3178881137	36	32	28
39	15	736000	PREPARATORIA OFICIAL  NÚM. 74	7	2		-98.881190372	19.3118318658	56	57	57
39	15	772000	PREPARATORIA OFICIAL  NÚM. 135	7	2		-98.6742639542	19.3519023091	37	35	28
39	15	777000	PREPARATORIA OFICIAL  NÚM. 122	7	2		-98.903850317	19.2899904533	31	31	29
39	15	778000	PREPARATORIA OFICIAL  NÚM. 124	7	2		-98.9120790275	19.3225010784	31	31	24
39	15	785000	PREPARATORIA OFICIAL NÚM. 141	7	2		-98.8621097803	19.3030480606	31	31	24
39	15	786000	PREPARATORIA OFICIAL NÚM. 185	7	2		-98.9166430238	19.3149405981	31	31	31
39	15	787000	COLEGIO DE BACHILLERES DEL ESTADO DE MÉXICO PLANTEL 18 IXTAPALUCA	7	2		-98.8627742662	19.3016215297	31	31	21
39	15	791000	PREPARATORIA OFICIAL NÚM. 158	7	2		-98.8439897011	19.3859326005	32	31	28
39	15	799000	PREPARATORIA OFICIAL NÚM. 161	7	2		-98.895278	19.306972	41	41	46
39	15	892000	PREPARATORIA OFICIAL  NÚM. 217	8	2		-98.8608893752	19.3493918678	31	33	30
39	15	937000	PREPARATORIA OFICIAL  NÚM. 279	8	2		-98.8480603695	19.3547037337	-	33	34
39	15	948000	COLEGIO DE BACHILLERES DEL ESTADO DE MÉXICO PLANTEL IXTAPALUCA 56 II	8	2		-98.8849031925	19.3277782053	-	31	30
39	15	952000	MODULO ADSCRITO A LA PREPARATORIA OFICIAL  NÚM. 124	8	2		-98.8760250807	19.3158717531	-	-	34
39	15	815036	CENTRO DE BACHILLERATO TECNOLÓGICO NÚM. 1 DR. LEOPOLDO RÍO DE LA LOZA	8	3	Tecnico en administraci?n	-98.9367775927	19.3179128435	38	34	29
39	15	815039	CENTRO DE BACHILLERATO TECNOLÓGICO NÚM. 1 DR. LEOPOLDO RÍO DE LA LOZA	8	3	Tecnico en contabilidad	-98.9367683454	19.3179251306	33	31	30
39	15	815053	CENTRO DE BACHILLERATO TECNOLÓGICO NÚM. 1 DR. LEOPOLDO RÍO DE LA LOZA	8	3	Tecnico laboratorista qu?mico	-98.9367266681	19.3179178729	48	47	50
39	15	815084	CENTRO DE BACHILLERATO TECNOLÓGICO NÚM. 1 DR. LEOPOLDO RÍO DE LA LOZA	8	3	Tecnico en electr?nica	-98.9367263734	19.3179014304	-	44	29
39	15	816046	CENTRO DE BACHILLERATO TECNOLÓGICO NÚM. 2 GUILLERMO GONZÁLEZ CAMARENA	8	3	Tecnico en Informatica	-98.9055482445	19.2973672647	31	31	32
39	15	816084	CENTRO DE BACHILLERATO TECNOLÓGICO NÚM. 2 GUILLERMO GONZÁLEZ CAMARENA	8	3	Tecnico en electr?nica	-98.9055636185	19.2973246689	-	34	21
39	15	817015	COLEGIO DE ESTUDIOS CIENTÍFICOS  Y TECNOLÓGICOS DEL ESTADO DE MÉXICO PLANTEL IXTAPALUCA	8	3	Electricidad	-98.8778440282	19.3231969561	33	31	27
39	15	817090	COLEGIO DE ESTUDIOS CIENTÍFICOS  Y TECNOLÓGICOS DEL ESTADO DE MÉXICO PLANTEL IXTAPALUCA	8	3	Tecnico en procesos de gesti?n administrativa	-98.8779260516	19.3230882871	-	-	29
39	15	836009	COLEGIO DE ESTUDIOS CIENTÍFICOS  Y TECNOLÓGICOS DEL ESTADO DE MÉXICO PLANTEL IXTAPALUCA II	8	3	Construcci?n	-98.8322557172	19.2954176502	31	31	30
39	15	836087	COLEGIO DE ESTUDIOS CIENTÍFICOS  Y TECNOLÓGICOS DEL ESTADO DE MÉXICO PLANTEL IXTAPALUCA II	8	3	Programaci?n	-98.8323050737	19.2954232331	-	-	29
39	15	836094	COLEGIO DE ESTUDIOS CIENTÍFICOS  Y TECNOLÓGICOS DEL ESTADO DE MÉXICO PLANTEL IXTAPALUCA II	8	3	Animacion Digital	-98.8323372602	19.2954637378	-	-	-
57	15	143302	CONALEP NAUCALPAN I	1	1	Alimentos y bebidas	-99.2690706253	19.4446703916	54	57	58
57	15	143306	CONALEP NAUCALPAN I	1	1	Contabilidad	-99.2691242695	19.444913197	31	31	29
57	15	143314	CONALEP NAUCALPAN I	1	1	Hospitalidad tur?stica	-99.2690974474	19.4447361514	38	38	39
57	15	143316	CONALEP NAUCALPAN I	1	1	Inform?tica	-99.2724537817	19.4444146783	42	42	48
57	15	144301	CONALEP NAUCALPAN II	1	1	Administraci?n	-99.2500345663	19.4449446778	31	31	43
57	15	144311	CONALEP NAUCALPAN II	1	1	Electromec?nica industrial	-99.2500151946	19.444959657	31	31	45
57	15	144323	CONALEP NAUCALPAN II	1	1	Pl?sticos	-99.250107	19.444984	31	31	26
57	15	615000	COLEGIO DE CIENCIAS Y HUMANIDADES, PLANTEL NAUCALPAN	6	2		-99.2441891424	19.4752253545	77	81	86
57	15	737000	PREPARATORIA OFICIAL  NÚM. 24	7	2		-99.2553806305	19.4539877888	50	50	57
57	15	738000	PREPARATORIA OFICIAL ANEXA A LA NORMAL DE NAUCALPAN	7	2		-99.2703815375	19.502328812	73	75	80
57	15	924000	MODULO DE LA PREPARATORIA OFICIAL ANEXA A LA NORMAL DE NAUCALPAN	8	2		-99.2445045414	19.4697087337	59	63	70
57	15	884000	COLEGIO DE BACHILLERES DEL ESTADO DE MÉXICO  PLANTEL 37 CHIMALPA NAUCALPAN	8	2		-99.3456557285	19.4409299807	51	51	59
57	15	818038	CENTRO DE BACHILLERATO TECNOLÓGICO NÚM. 1 MIGUEL DE CERVANTES SAAVEDRA	8	3	Tecnico en edificaci?n	-99.2739326726	19.4401898404	32	31	42
57	15	818046	CENTRO DE BACHILLERATO TECNOLÓGICO NÚM. 1 MIGUEL DE CERVANTES SAAVEDRA	8	3	Tecnico en Informatica	-99.2739171775	19.4402139534	45	45	51
57	15	819054	CENTRO DE BACHILLERATO TECNOLÓGICO NÚM. 2  ING. GUILLERMO GONZÁLEZ CAMARENA	8	3	Tecnico en manufactura del vestido	-99.2518002492	19.4651298541	46	48	53
57	15	819076	CENTRO DE BACHILLERATO TECNOLÓGICO NÚM. 2  ING. GUILLERMO GONZÁLEZ CAMARENA	8	3	Tecnico en mecatr?nica	-99.2518119281	19.4651395458	52	54	62
58	15	12000	PLANTEL 12, NEZAHUALCÓYOTL	0	2	Inicio agosto del 2014	-98.9882088385	19.4087904148	31	31	24
58	15	145303	CONALEP DEL SOL	1	1	Asistente directivo	-99.030923	19.429373	31	31	28
58	15	145305	CONALEP DEL SOL	1	1	Construcci?n	-99.0308478981	19.4293831179	32	33	26
58	15	145317	CONALEP DEL SOL	1	1	Soporte y mantenimiento de equipo de c?mputo	-99.030858627	19.429302175	31	31	19
58	15	145333	CONALEP DEL SOL	1	1	Seguridad e higiene y Protecci?n civil	-99.0310621262	19.4289580859	-	-	-
58	15	146309	CONALEP NEZAHUALCÓYOTL I	1	1	Asistente y protesista dental	-99.03611	19.478594	31	31	26
58	15	146313	CONALEP NEZAHUALCÓYOTL I	1	1	Enfermer?a general	-99.0361314577	19.4784827373	49	51	58
58	15	146339	CONALEP NEZAHUALCÓYOTL I	1	1	Salud comunitaria	-99.0360403061	19.4792159251	-	-	-
58	15	147315	CONALEP NEZAHUALCÓYOTL II	1	1	Industria del vestido	-98.986312	19.401172	31	31	27
58	15	147336	CONALEP NEZAHUALCÓYOTL II	1	1	Autotr?nica	-98.9862368981	19.401172	31	31	21
58	15	148303	CONALEP NEZAHUALCÓYOTL III	1	1	Asistente directivo	-99.01351	19.399452	33	33	30
58	15	148306	CONALEP NEZAHUALCÓYOTL III	1	1	Contabilidad	-99.013638746	19.3997353518	32	32	27
58	15	148316	CONALEP NEZAHUALCÓYOTL III	1	1	Inform?tica	-99.0132525079	19.3990472109	31	31	25
58	15	444000	CENTRO DE ESTUDIOS TECNOLÓGICOS INDUSTRIAL Y DE SERVICIOS NÚM. 37	4	3	Componente de formaci?n b?sica, Contabilidad, Labo	-98.988803467	19.4017144027	40	34	43
58	15	445000	CENTRO DE BACHILLERATO TECNOLÓGICO INDUSTRIAL Y DE SERVICIOS NÚM. 6	4	3	Componente de formaci?n b?sica, Contabilidad, Elec	-98.980594	19.388912	31	31	37
58	15	739000	PREPARATORIA OFICIAL  NÚM. 12	7	2		-99.063313	19.493487	58	55	61
58	15	740000	PREPARATORIA OFICIAL  NÚM. 18	7	2		-99.051726	19.4078	31	31	25
58	15	741000	PREPARATORIA OFICIAL  NÚM. 28	7	2		-98.981945881	19.3750111212	48	44	46
58	15	742000	PREPARATORIA OFICIAL  NÚM. 82	7	2		-99.004927	19.382703	42	35	40
58	15	743000	PREPARATORIA OFICIAL  NÚM. 86	7	2		-99.042853	19.399148	49	48	56
58	15	744000	PREPARATORIA OFICIAL  NÚM. 95	7	2		-99.047885	19.428756	39	31	26
58	15	745000	PREPARATORIA OFICIAL ANEXA A LA NORMAL NÚM. 1 DE NEZAHUALCÓYOTL	7	2		-99.009883	19.405574	76	79	82
58	15	746000	PREPARATORIA OFICIAL ANEXA A LA NORMAL NÚM. 2 DE NEZAHUALCÓYOTL	7	2		-99.064547	19.487358	77	78	82
58	15	747000	PREPARATORIA OFICIAL ANEXA A LA NORMAL NÚM. 3 DE NEZAHUALCÓYOTL	7	2		-99.0134867963	19.3983888278	73	76	77
58	15	748000	PREPARATORIA OFICIAL ANEXA A LA NORMAL NÚM. 4 DE NEZAHUALCÓYOTL	7	2		-99.025322	19.417636	69	70	73
58	15	779000	PREPARATORIA OFICIAL NÚM. 121	7	2		-99.007394	19.418784	31	31	21
58	15	877000	PREPARATORIA OFICIAL  NÚM. 168	8	2		-99.009889	19.384914	45	38	39
58	15	881000	COLEGIO DE BACHILLERES DEL ESTADO DE MÉXICO PLANTEL 30 NEZAHUALCÓYOTL	8	2		-98.982979664	19.3967960006	31	31	21
58	15	939000	PREPARATORIA OFICIAL NÚM. 280	8	2		-99.0500684906	19.4601041056	-	31	22
58	15	940000	PREPARATORIA OFICIAL NÚM. 267	8	2		-99.0252428857	19.3899390545	-	31	26
58	15	953000	PREPARATORIA OFICIAL NÚM. 288	8	2		-99.0010310822	19.4103437312	-	-	54
58	15	954000	PREPARATORIA OFICIAL NÚM. 299	8	2		-99.0461772958	19.4247891312	-	-	34
58	15	959000	PREPARATORIA OFICIAL NÚM. 295	8	2		-99.037328437	19.4736312255	-	-	43
58	15	820036	CENTRO DE BACHILLERATO TECNOLÓGICO NÚM. 1 REFUGIO ESTÉVES REYES	8	3	Tecnico en administraci?n	-98.980905	19.391082	31	31	29
58	15	820044	CENTRO DE BACHILLERATO TECNOLÓGICO NÚM. 1 REFUGIO ESTÉVES REYES	8	3	Enfermer?a general	-98.980905	19.391082	53	56	63
58	15	821036	CENTRO DE BACHILLERATO TECNOLÓGICO NÚM. 2           DR. MAXIMILIANO RUIZ CASTA?EDA	8	3	Tecnico en administraci?n	-99.0216950194	19.4035845222	32	36	36
58	15	821046	CENTRO DE BACHILLERATO TECNOLÓGICO NÚM. 2           DR. MAXIMILIANO RUIZ CASTA?EDA	8	3	Tecnico en Informatica	-99.0216950194	19.4035845222	36	44	43
58	15	821083	CENTRO DE BACHILLERATO TECNOLÓGICO NÚM. 2           DR. MAXIMILIANO RUIZ CASTA?EDA	8	3	Tecnico en servicios bancarios	-99.0216950194	19.4035845222	-	32	28
58	15	822055	COLEGIO DE ESTUDIOS CIENTÍFICOS Y TECNOLÓGICOS DEL ESTADO DE MÉXICO PLANTEL NEZAHUALCÓYOTL	8	3	Tecnico en trabajo social	-99.053341	19.488774	51	46	43
58	15	822090	COLEGIO DE ESTUDIOS CIENTÍFICOS Y TECNOLÓGICOS DEL ESTADO DE MÉXICO PLANTEL NEZAHUALCÓYOTL	8	3	Tecnico en procesos de gesti?n administrativa	-99.0533512831	19.4887589054	-	-	22
58	15	835088	COLEGIO DE ESTUDIOS CIENTÍFICOS Y TECNOLÓGICOS DEL ESTADO DE MÉXICO PLANTEL NEZAHUALCÓYOTL II	8	3	Soporte y mantenimiento de equipo de c?mputo	-99.0125664782	19.4205535473	-	-	56
60	15	149301	CONALEP NICOLÁS ROMERO	1	1	Administraci?n	-99.3093099909	19.6285835083	31	31	24
60	15	149306	CONALEP NICOLÁS ROMERO	1	1	Contabilidad	-99.3093099909	19.6285835083	31	31	28
60	15	149312	CONALEP NICOLÁS ROMERO	1	1	Mantenimiento de sistemas electr?nicos	-99.3093135211	19.6285878812	31	31	27
60	15	149317	CONALEP NICOLÁS ROMERO	1	1	Soporte y mantenimiento de equipo de c?mputo	-99.3093172423	19.6285863092	31	31	38
60	15	780000	COLEGIO DE BACHILLERES DEL ESTADO DE MÉXICO PLANTEL 15 NICOLÁS ROMERO	7	2		-99.3745468281	19.65869644	37	31	35
60	15	788000	PREPARATORIA OFICIAL NÚM. 148	7	2		-99.298478	19.616728	55	56	63
60	15	925000	PREPARATORIA OFICIAL  NÚM. 250	8	2		-99.418172	19.619987	31	31	31
60	15	930000	PREPARATORIA OFICIAL  NÚM. 262	8	2		-99.281956	19.608906	43	42	48
60	15	941000	MODULO ANEXO A LA PREPARATORIA OFICIAL  NÚM. 148	8	2		-99.3437433243	19.631472197	-	31	27
60	15	955000	MODULO AZOTLAN, ADSCRITO A LA PREPARATORIA OFICIAL NÚM. 262	8	2		-99.3055272102	19.6363630401	-	-	27
60	15	823067	COLEGIO DE ESTUDIOS CIENTÍFICOS Y TECNOLÓGICOS DEL ESTADO DE MÉXICO PLANTEL NICOLÁS ROMERO I	8	3	Tecnico en mantenimiento de equipo y sistemas	-99.2752689091	19.6035576166	45	50	62
60	15	823087	COLEGIO DE ESTUDIOS CIENTÍFICOS Y TECNOLÓGICOS DEL ESTADO DE MÉXICO PLANTEL NICOLÁS ROMERO I	8	3	Programaci?n	-99.2751156697	19.6029530342	-	-	41
60	15	840060	COLEGIO DE ESTUDIOS CIENTÍFICOS Y TECNOLÓGICOS DEL ESTADO DE MÉXICO PLANTEL NICOLÁS ROMERO II	8	3	Mecatronica	-99.3412220478	19.61332223	56	61	65
60	15	840087	COLEGIO DE ESTUDIOS CIENTÍFICOS Y TECNOLÓGICOS DEL ESTADO DE MÉXICO PLANTEL NICOLÁS ROMERO II	8	3	Programaci?n	-99.3469619751	19.6134030807	-	-	56
60	15	840091	COLEGIO DE ESTUDIOS CIENTÍFICOS Y TECNOLÓGICOS DEL ESTADO DE MÉXICO PLANTEL NICOLÁS ROMERO II	8	3	Tecnico en ventas	-99.3460607529	19.6136052073	-	-	48
60	15	853089	COLEGIO DE ESTUDIOS CIENTÍFICOS Y TECNOLÓGICOS DEL ESTADO DE MÉXICO PLANTEL NICOLÁS ROMERO III	8	3	Tecnico programador de software	-99.298871	19.63413	-	-	51
70	15	150306	CONALEP LOS REYES LA PAZ	1	1	Contabilidad	-98.937517	19.385233	31	31	34
70	15	150310	CONALEP LOS REYES LA PAZ	1	1	Electricidad industrial	-98.9377232289	19.3855704126	35	32	40
70	15	150336	CONALEP LOS REYES LA PAZ	1	1	Autotr?nica	-98.937485218	19.3855465901	31	31	33
70	15	749000	PREPARATORIA OFICIAL  NÚM. 7	7	2		-98.9654442381	19.3575912386	54	54	59
70	15	750000	PREPARATORIA OFICIAL ANEXA A LA NORMAL DE LOS REYES ACAQUILPAN	7	2		-98.9678017495	19.358062974	67	70	74
70	15	796000	PREPARATORIA OFICIAL  NÚM. 171	7	2		-98.943775	19.3600277778	31	32	28
70	15	797000	PREPARATORIA OFICIAL  NÚM. 184	7	2		-98.9445874262	19.3397140532	33	31	38
70	15	942000	GRUPO ADSCRITO A LA PREPARATORIA OFICIAL  NÚM. 16	8	2		-98.9272012899	19.3813130288	-	31	31
70	15	943000	PREPARATORIA OFICIAL  NÚM. 265	8	2		-98.9456799218	19.3591502489	-	32	31
70	15	944000	PREPARATORIA OFICIAL  NÚM. 274	8	2		-98.9501518465	19.353869739	-	31	28
70	15	824022	COLEGIO DE ESTUDIOS CIENTÍFICOS Y TECNOLÓGICOS DEL ESTADO DE MÉXICO PLANTEL LA PAZ	8	3	Mantenimiento industrial	-98.9494587546	19.3742867237	32	31	34
70	15	824087	COLEGIO DE ESTUDIOS CIENTÍFICOS Y TECNOLÓGICOS DEL ESTADO DE MÉXICO PLANTEL LA PAZ	8	3	Programaci?n	-98.9491528273	19.3748361342	-	-	26
70	15	825036	CENTRO DE BACHILLERATO TECNOLÓGICO ALBERT EINSTEIN	8	3	Tecnico en administraci?n	-98.965091	19.35584	39	42	51
70	15	825046	CENTRO DE BACHILLERATO TECNOLÓGICO ALBERT EINSTEIN	8	3	Tecnico en Informatica	-98.965091	19.35584	57	53	54
81	15	151319	CONALEP TECÁMAC	1	1	Mantenimiento de sistemas autom?ticos	-98.977761	19.696708	31	31	22
81	15	151327	CONALEP TECÁMAC	1	1	Qu?mica industrial	-98.977761	19.696708	31	31	27
81	15	751000	PREPARATORIA OFICIAL  NÚM. 22	7	2		-99.0053636062	19.6739232817	51	50	54
81	15	752000	PREPARATORIA OFICIAL  NÚM. 37	7	2		-98.9940047264	19.7668714087	44	42	46
81	15	753000	PREPARATORIA OFICIAL  NÚM. 73	7	2		-98.969747	19.688506	37	35	27
81	15	754000	PREPARATORIA OFICIAL  NÚM. 216	7	2		-98.973354027	19.6707116652	48	47	51
81	15	792000	COLEGIO DE BACHILLERES DEL ESTADO DE MÉXICO PLANTEL 19 TECÁMAC	7	2		-99.0174472738	19.6292090519	31	31	23
81	15	885000	PREPARATORIA OFICIAL  NÚM. 179	8	2		-98.9940880106	19.6627751132	31	31	30
81	15	886000	COLEGIO DE BACHILLERES DEL ESTADO DE MÉXICO  PLANTEL 35 TECÁMAC	8	2		-99.0395700932	19.6352262355	31	31	27
81	15	926000	PREPARATORIA OFICIAL  NÚM. 229	8	2		-99.0389746428	19.624736939	69	63	59
81	15	927000	PREPARATORIA OFICIAL  NÚM. 243	8	2		-99.0365982056	19.6525300561	31	31	31
81	15	826025	COLEGIO DE ESTUDIOS CIENTÍFICOS Y TECNOLÓGICOS DEL ESTADO DE MÉXICO PLANTEL TECÁMAC	8	3	M?quinas - herramienta	-98.971399	19.724115	43	47	58
81	15	826087	COLEGIO DE ESTUDIOS CIENTÍFICOS Y TECNOLÓGICOS DEL ESTADO DE MÉXICO PLANTEL TECÁMAC	8	3	Programaci?n	-98.971399	19.724115	-	-	53
81	15	826091	COLEGIO DE ESTUDIOS CIENTÍFICOS Y TECNOLÓGICOS DEL ESTADO DE MÉXICO PLANTEL TECÁMAC	8	3	Tecnico en ventas	-98.971323967	19.7241101308	-	-	42
81	15	827036	CENTRO DE BACHILLERATO TECNOLÓGICO NÚM. 1 DR. JORGE JIMÉNEZ CANTÚ	8	3	Tecnico en administraci?n	-99.0374132037	19.6753428685	52	60	57
81	15	827046	CENTRO DE BACHILLERATO TECNOLÓGICO NÚM. 1 DR. JORGE JIMÉNEZ CANTÚ	8	3	Tecnico en Informatica	-99.0370269656	19.6755449172	49	52	53
81	15	827066	CENTRO DE BACHILLERATO TECNOLÓGICO NÚM. 1 DR. JORGE JIMÉNEZ CANTÚ	8	3	Tecnico en dise?o asistido por computadora	-99.0375634074	19.6755853269	49	50	49
81	15	827071	CENTRO DE BACHILLERATO TECNOLÓGICO NÚM. 1 DR. JORGE JIMÉNEZ CANTÚ	8	3	Tecnico en mercadotecnia	-99.0372844577	19.6748983606	54	54	55
81	15	827077	CENTRO DE BACHILLERATO TECNOLÓGICO NÚM. 1 DR. JORGE JIMÉNEZ CANTÚ	8	3	Tecnico en manufactura asistida por computadora	-99.0362330317	19.6747367211	31	32	31
81	15	827083	CENTRO DE BACHILLERATO TECNOLÓGICO NÚM. 1 DR. JORGE JIMÉNEZ CANTÚ	8	3	Tecnico en servicios bancarios	-99.0376492381	19.6749387705	-	34	39
81	15	828035	CENTRO DE BACHILLERATO TECNOLÓGICO NÚM. 2 LIC. CARLOS PICHARDO	8	3	Tecnico en instrumentaci?n dental	-98.9720883965	19.7437824735	49	51	47
81	15	828039	CENTRO DE BACHILLERATO TECNOLÓGICO NÚM. 2 LIC. CARLOS PICHARDO	8	3	Tecnico en contabilidad	-98.9720883965	19.7437824735	48	54	62
81	15	828046	CENTRO DE BACHILLERATO TECNOLÓGICO NÚM. 2 LIC. CARLOS PICHARDO	8	3	Tecnico en Informatica	-98.9720883965	19.7437824735	64	65	61
81	15	828066	CENTRO DE BACHILLERATO TECNOLÓGICO NÚM. 2 LIC. CARLOS PICHARDO	8	3	Tecnico en dise?o asistido por computadora	-98.9720883965	19.7437824735	60	60	52
81	15	828077	CENTRO DE BACHILLERATO TECNOLÓGICO NÚM. 2 LIC. CARLOS PICHARDO	8	3	Tecnico en manufactura asistida por computadora	-98.9720883965	19.7437824735	39	43	37
81	15	828079	CENTRO DE BACHILLERATO TECNOLÓGICO NÚM. 2 LIC. CARLOS PICHARDO	8	3	Tecnico en biotecnolog?a en alimentos	-98.9720883965	19.7437824735	-	60	57
81	15	844046	CENTRO DE BACHILLERATO TECNOLÓGICO NÚM. 3	8	3	Tecnico en Informatica	-98.997203	19.678061	50	56	59
81	15	844070	CENTRO DE BACHILLERATO TECNOLÓGICO NÚM. 3	8	3	Tecnico en gastronom?a	-98.997203	19.6780061	69	69	64
81	15	844076	CENTRO DE BACHILLERATO TECNOLÓGICO NÚM. 3	8	3	Tecnico en mecatr?nica	-98.997203	19.678061	43	50	60
81	15	850046	CENTRO DE BACHILLERATO TECNOLÓGICO NÚM. 4	8	3	Tecnico en Informatica	-99.027463	19.631972	48	55	55
81	15	850066	CENTRO DE BACHILLERATO TECNOLÓGICO NÚM. 4	8	3	Tecnico en dise?o asistido por computadora	-99.0268407275	19.6323964166	43	46	56
81	15	850079	CENTRO DE BACHILLERATO TECNOLÓGICO NÚM. 4	8	3	Tecnico en biotecnolog?a en alimentos	-99.0257571151	19.6322448394	55	44	56
95	15	755000	PREPARATORIA OFICIAL  NÚM. 27	7	2		-99.225179	19.708738	49	53	63
95	15	793000	PREPARATORIA OFICIAL  NÚM. 153	7	2		-99.283179	19.696279	31	31	39
95	15	837009	COLEGIO DE ESTUDIOS CIENTÍFICOS Y TECNOLÓGICOS DEL ESTADO DE MÉXICO PLANTEL TEPOTZOTLÁN	8	3	Construcci?n	-99.203404	19.719715	31	31	28
95	15	837087	COLEGIO DE ESTUDIOS CIENTÍFICOS Y TECNOLÓGICOS DEL ESTADO DE MÉXICO PLANTEL TEPOTZOTLÁN	8	3	Programaci?n	-99.2039680481	19.7206561123	-	-	40
99	15	152303	CONALEP TEXCOCO	1	1	Asistente directivo	-98.844938	19.538513	-	31	26
99	15	152315	CONALEP TEXCOCO	1	1	Industria del vestido	-98.8452169497	19.5384725558	32	32	24
99	15	152316	CONALEP TEXCOCO	1	1	Inform?tica	-98.8445946772	19.539018551	31	31	23
99	15	152338	CONALEP TEXCOCO	1	1	Fuentes de energ?a renovable	-98.8451528549	19.5390841355	-	-	-
99	15	446000	CENTRO DE ESTUDIOS TECNOLÓGICOS INDUSTRIAL Y DE SERVICIOS NÚM. 97	4	3	Componente de formaci?n b?sica, Administraci?n de 	-98.832074	19.510973	49	52	60
99	15	756000	PREPARATORIA OFICIAL  NÚM. 79	7	2		-98.7743881376	19.5219274842	45	40	51
99	15	757000	PREPARATORIA OFICIAL  NÚM. 100	7	2		-98.893044	19.504921	64	64	69
99	15	758000	PREPARATORIA OFICIAL ANEXA A LA NORMAL DE TEXCOCO	7	2		-98.9819455147	19.6172434432	80	80	84
99	15	794000	PREPARATORIA OFICIAL   NÚM. 188	7	2		-98.8582848135	19.4838640212	48	33	46
99	15	928000	PREPARATORIA OFICIAL  NÚM. 235	8	2		-98.8832527401	19.4718395798	44	43	48
99	15	873000	COLEGIO DE BACHILLERES DEL ESTADO DE MÉXICO  PLANTEL 43 TEXCOCO	8	2		-98.8700916667	19.4510555556	31	31	28
99	15	956000	PREPARATORIA OFICIAL  NÚM. 293	8	2		-98.8579308987	19.4600379089	-	-	39
99	15	829039	CENTRO DE BACHILLERATO TECNOLÓGICO DR. EDUARDO SUÁREZ A.	8	3	Tecnico en contabilidad	-98.900868	19.522319	33	32	37
99	15	829046	CENTRO DE BACHILLERATO TECNOLÓGICO DR. EDUARDO SUÁREZ A.	8	3	Tecnico en Informatica	-98.9011040344	19.522319	40	40	44
99	15	829069	CENTRO DE BACHILLERATO TECNOLÓGICO DR. EDUARDO SUÁREZ A.	8	3	Tecnico en turismo	-98.9006105079	19.522319	49	49	53
99	15	845036	CENTRO DE BACHILLERATO TECNOLÓGICO NÚM. 2	8	3	Tecnico en administraci?n	-98.9048588307	19.4904630877	34	31	37
99	15	845046	CENTRO DE BACHILLERATO TECNOLÓGICO NÚM. 2	8	3	Tecnico en Informatica	-98.9049232037	19.4905642281	40	40	48
99	15	845070	CENTRO DE BACHILLERATO TECNOLÓGICO NÚM. 2	8	3	Tecnico en gastronom?a	-98.9048588307	19.4902810348	65	63	51
99	15	846069	CENTRO DE BACHILLERATO TECNOLÓGICO NÚM. 3	8	3	Tecnico en turismo	-98.859374	19.501759	43	52	46
99	15	846071	CENTRO DE BACHILLERATO TECNOLÓGICO NÚM. 3	8	3	Tecnico en mercadotecnia	-98.859374	19.501759	42	31	43
99	15	846082	CENTRO DE BACHILLERATO TECNOLÓGICO NÚM. 3	8	3	Tecnico en comunicaci?n	-98.859374	19.501759	-	32	36
99	15	847066	CENTRO DE BACHILLERATO TECNOLÓGICO NÚM. 4	8	3	Tecnico en dise?o asistido por computadora	-98.898768	19.44294	47	54	62
99	15	847069	CENTRO DE BACHILLERATO TECNOLÓGICO NÚM. 4	8	3	Tecnico en turismo	-98.898768	19.44294	48	53	57
99	15	847070	CENTRO DE BACHILLERATO TECNOLÓGICO NÚM. 4	8	3	Tecnico en gastronom?a	-98.898768	19.44294	69	62	53
99	15	847082	CENTRO DE BACHILLERATO TECNOLÓGICO NÚM. 4	8	3	Tecnico en comunicaci?n	-98.898768	19.44294	-	-	26
99	15	849067	COLEGIO DE ESTUDIOS CIENTÍFICOS Y TECNOLÓGICOS DEL ESTADO DE MÉXICO PLANTEL TEXCOCO	8	3	Tecnico en mantenimiento de equipo y sistemas	-98.8345527649	19.480207167	39	45	36
99	15	854070	CENTRO DE BACHILLERATO TECNOLÓGICO NÚM. 5	8	3	Tecnico en gastronom?a	-98.812602	19.544281	-	59	55
99	15	854076	CENTRO DE BACHILLERATO TECNOLÓGICO NÚM. 5	8	3	Tecnico en mecatr?nica	-98.812602	19.544281	-	38	45
99	15	854081	CENTRO DE BACHILLERATO TECNOLÓGICO NÚM. 5	8	3	Tecnico en puericultura	-98.812602	19.544281	-	53	53
99	15	901000	PLANTEL TEXCOCO DE LA ESCUELA PREPARATORIA	9	2		-98.884114596	19.5026506693	83	83	86
104	15	5000	PLANTEL 5, SATÉLITE	0	2	Inicio agosto del 2014	-99.2349626496	19.5269929206	56	58	66
104	15	153308	CONALEP GUSTAVO BAZ - TLALNEPANTLA	1	1	Conservacion del medio ambiente	-99.202992	19.565937	31	32	28
104	15	153316	CONALEP GUSTAVO BAZ - TLALNEPANTLA	1	1	Inform?tica	-99.2030456442	19.565937	44	44	46
104	15	153326	CONALEP GUSTAVO BAZ - TLALNEPANTLA	1	1	Productividad industrial	-99.202992	19.5659091994	31	31	29
104	15	153327	CONALEP GUSTAVO BAZ - TLALNEPANTLA	1	1	Qu?mica industrial	-99.2029571313	19.565937	31	31	29
104	15	154311	CONALEP TLALNEPANTLA I	1	1	Electromec?nica industrial	-99.164872	19.511782	31	31	33
104	15	154312	CONALEP TLALNEPANTLA I	1	1	Mantenimiento de sistemas electr?nicos	-99.1649095509	19.5117769436	31	31	27
104	15	154316	CONALEP TLALNEPANTLA I	1	1	Inform?tica	-99.164807627	19.511782	31	31	29
104	15	154335	CONALEP TLALNEPANTLA I	1	1	Mecatronica	-99.1647863388	19.5120679782	-	-	-
104	15	155319	CONALEP TLALNEPANTLA II	1	1	Mantenimiento de sistemas autom?ticos	-99.112381	19.538038	32	31	23
104	15	155324	CONALEP TLALNEPANTLA II	1	1	Procesamiento industrial de alimentos	-99.1124239153	19.538038	33	32	38
104	15	155336	CONALEP TLALNEPANTLA II	1	1	Autotr?nica	-99.1123005337	19.538038	31	31	28
104	15	156303	CONALEP TLALNEPANTLA III	1	1	Asistente directivo	-99.188894	19.576743	31	31	30
104	15	156306	CONALEP TLALNEPANTLA III	1	1	Contabilidad	-99.188958373	19.576743	32	31	36
104	15	156310	CONALEP TLALNEPANTLA III	1	1	Electricidad industrial	-99.1888188981	19.576743	33	31	33
104	15	156313	CONALEP TLALNEPANTLA III	1	1	Enfermer?a general	-99.1887867116	19.576743	66	69	71
104	15	447000	CENTRO DE ESTUDIOS TECNOLÓGICOS INDUSTRIAL Y DE SERVICIOS NÚM. 165	4	3	Componente de formaci?n b?sica, Dise?o gr?fico dig	-99.1665995251	19.512149465	33	36	19
104	15	448000	CENTRO DE BACHILLERATO TECNOLÓGICO INDUSTRIAL Y DE SERVICIOS NÚM. 50	4	3	Componente de formaci?n b?sica, Administraci?n de 	-99.2002776667	19.5603157517	38	35	45
104	15	449000	CENTRO DE BACHILLERATO TECNOLÓGICO INDUSTRIAL Y DE SERVICIOS NÚM. 227	4	3	Componente de formaci?n b?sica, Administraci?n de 	-99.185364	19.518224	31	31	20
104	15	759000	PREPARATORIA OFICIAL  NÚM. 69	7	2		-99.113524	19.515402	31	31	21
104	15	760000	PREPARATORIA OFICIAL  NÚM. 97	7	2		-99.1135052627	19.5366599954	31	31	24
104	15	761000	PREPARATORIA OFICIAL  NÚM. 103	7	2		-99.169802	19.544428	54	55	63
104	15	762000	PREPARATORIA OFICIAL ANEXA A LA NORMAL DE TLALNEPANTLA	7	2		-99.1764487303	19.5211243496	64	68	71
104	15	771000	PREPARATORIA OFICIAL  NÚM. 118	7	2		-99.088319242	19.5308189709	31	31	27
104	15	830036	CENTRO DE BACHILLERATO TECNOLÓGICO LIC. ADOLFO LÓPEZ MATEOS	8	3	Tecnico en administraci?n	-99.214134	19.524493	41	33	45
104	15	830046	CENTRO DE BACHILLERATO TECNOLÓGICO LIC. ADOLFO LÓPEZ MATEOS	8	3	Tecnico en Informatica	-99.2140159828	19.524493	-	40	50
104	15	830066	CENTRO DE BACHILLERATO TECNOLÓGICO LIC. ADOLFO LÓPEZ MATEOS	8	3	Tecnico en dise?o asistido por computadora	-99.2142091019	19.524493	51	53	62
108	15	763000	PREPARATORIA OFICIAL  NÚM. 31	7	2		-99.107506	19.689521	36	36	44
108	15	879000	PREPARATORIA OFICIAL  NÚM. 181	8	2		-99.1199547563	19.6833680467	31	31	37
108	15	957000	PREPARATORIA OFICIAL  NÚM. 306	8	2		-99.1420229	19.6556	-	-	28
108	15	838087	COLEGIO DE ESTUDIOS CIENTÍFICOS Y TECNOLÓGICOS DEL ESTADO DE MÉXICO PLANTEL TULTEPEC	8	3	Programaci?n	-99.1078168998	19.6639986512	-	-	52
108	15	838013	COLEGIO DE ESTUDIOS CIENTÍFICOS Y TECNOLÓGICOS DEL ESTADO DE MÉXICO PLANTEL TULTEPEC	8	3	Dise?o Gr?fico Digital	-99.107581526	19.6637980081	-	-	-
109	15	157336	CONALEP TULTITLÁN	1	1	Autotr?nica	-99.1577693042	19.6266617256	31	31	25
109	15	157306	CONALEP TULTITLÁN	1	1	Contabilidad	-99.1581984577	19.6267425696	32	32	24
109	15	157312	CONALEP TULTITLÁN	1	1	Mantenimiento de sistemas electr?nicos	-99.1578765926	19.6264191933	31	31	21
109	15	450000	CENTRO DE ESTUDIOS TECNOLÓGICOS INDUSTRIAL Y DE SERVICIOS NÚM. 36	4	3	Componente de formaci?n b?sica, Contabilidad, Mec?	-99.1790303889	19.6125228296	38	37	43
109	15	451000	CENTRO DE ESTUDIOS TECNOLÓGICOS INDUSTRIAL Y DE SERVICIOS NÚM. 95	4	3	Componente de formaci?n b?sica, Contabilidad, Prog	-99.1568825394	19.6269338316	31	31	22
109	15	764000	PREPARATORIA OFICIAL  NÚM. 34	7	2		-99.094411	19.682076	38	38	49
109	15	765000	PREPARATORIA OFICIAL  NÚM. 68	7	2		-99.176459	19.607481	47	50	58
109	15	766000	PREPARATORIA OFICIAL  NÚM. 105	7	2		-99.130787	19.631856	51	53	60
109	15	874000	COLEGIO DE BACHILLERES DEL ESTADO DE MÉXICO PLANTEL 25 TULTITLÁN	8	2		-99.1496478307	19.6018102193	31	31	27
109	15	960000	PREPARATORIA OFICIAL  NÚM. 296	8	2		-99.1765129566	19.5949175267	-	-	45
109	15	831015	COLEGIO DE ESTUDIOS CIENTÍFICOS Y TECNOLÓGICOS DEL ESTADO DE MÉXICO PLANTEL TULTITLÁN	8	3	Electricidad	-99.087228	19.673434	35	43	22
109	15	831087	COLEGIO DE ESTUDIOS CIENTÍFICOS Y TECNOLÓGICOS DEL ESTADO DE MÉXICO PLANTEL TULTITLÁN	8	3	Programaci?n	-99.0871524811	19.6739690481	-	-	63
109	15	848046	CENTRO DE BACHILLERATO TECNOLÓGICO	8	3	Tecnico en Informatica	-99.174519	19.584587	38	42	56
109	15	848069	CENTRO DE BACHILLERATO TECNOLÓGICO	8	3	Tecnico en turismo	-99.1751611233	19.5844995165	66	66	62
109	15	848076	CENTRO DE BACHILLERATO TECNOLÓGICO	8	3	Tecnico en mecatr?nica	-99.1752040386	19.5844995165	58	61	49
122	15	301000	CENTRO DE BACHILLERATO TECNOLÓGICO AGROPECUARIO NÚM. 35	3	3	Tecnico en agroindustrias, Tecnico agropecuario, T	-98.9550955505	19.3313675905	31	31	20
122	15	767000	PREPARATORIA OFICIAL  NÚM. 88	7	2		-98.954555	19.27477	31	31	25
122	15	768000	PREPARATORIA OFICIAL  NÚM. 92	7	2		-98.9559388161	19.323212143	31	31	27
122	15	769000	PREPARATORIA OFICIAL  NÚM. 96	7	2		-98.9557808136	19.2870390076	31	31	25
122	15	770000	COLEGIO DE BACHILLERES DEL ESTADO DE MÉXICO PLANTEL 04 VALLE DE CHALCO SOLIDARIDAD	7	2		-98.952967	19.297454	31	31	26
122	15	781000	PREPARATORIA OFICIAL  NÚM. 123	7	2		-98.935232	19.296856	31	31	24
122	15	929000	PREPARATORIA OFICIAL  NÚM. 220	8	2		-98.9357364178	19.2748132835	32	32	28
122	15	945000	GRUPO ANEXO A LA PREPARATORIA OFICIAL  NÚM. 54	8	2		-98.9432912262	19.2927096671	-	31	26
122	15	946000	PREPARATORIA OFICIAL  NÚM. 281	8	2		-98.9481550455	19.3166124514	-	31	23
122	15	961000	PREPARATORIA OFICIAL  NÚM. 300	8	2		-98.9237523079	19.2713075681	-	-	-
122	15	832020	COLEGIO DE ESTUDIOS CIENTÍFICOS Y TECNOLÓGICOS  DEL ESTADO DE MÉXICO PLANTEL VALLE DE CHALCO SOLIDARIDAD I	8	3	Laboratorio cl?nico	-98.950381	19.302942	69	72	78
122	15	832067	COLEGIO DE ESTUDIOS CIENTÍFICOS Y TECNOLÓGICOS  DEL ESTADO DE MÉXICO PLANTEL VALLE DE CHALCO SOLIDARIDAD I	8	3	Tecnico en mantenimiento de equipo y sistemas	-98.950381	19.3031445139	45	49	59
122	15	832085	COLEGIO DE ESTUDIOS CIENTÍFICOS Y TECNOLÓGICOS  DEL ESTADO DE MÉXICO PLANTEL VALLE DE CHALCO SOLIDARIDAD I	8	3	Desarrollo organizacional	-98.9501667023	19.3025164607	-	-	30
122	15	832094	COLEGIO DE ESTUDIOS CIENTÍFICOS Y TECNOLÓGICOS  DEL ESTADO DE MÉXICO PLANTEL VALLE DE CHALCO SOLIDARIDAD I	8	3	Animacion Digital	-98.9500701427	19.302577215	-	-	-
122	15	833046	CENTRO DE BACHILLERATO TECNOLÓGICO JUAN DE DIOS BÁTIZ	8	3	Tecnico en Informatica	-98.946996	19.282846	31	31	44
122	15	843013	COLEGIO DE ESTUDIOS CIENTÍFICOS Y TECNOLÓGICOS  DEL ESTADO DE MÉXICO PLANTEL VALLE DE CHALCO SOLIDARIDAD II	8	3	Dise?o gr?fico digital	-98.9299750328	19.2657825199	73	67	77
122	15	843015	COLEGIO DE ESTUDIOS CIENTÍFICOS Y TECNOLÓGICOS  DEL ESTADO DE MÉXICO PLANTEL VALLE DE CHALCO SOLIDARIDAD II	8	3	Electricidad	-98.917255746	19.2885675192	42	42	53
10	9	101311	CONALEP ÁLVARO OBREGÓN I	1	1	Electromec?nica industrial	-99.2171464493	19.3604419744	49	49	53
10	9	101314	CONALEP ÁLVARO OBREGÓN I	1	1	Hospitalidad tur?stica	-99.217103534	19.3605836843	41	47	49
10	9	101328	CONALEP ÁLVARO OBREGÓN I	1	1	Refrigeraci?n y climatizaci?n	-99.2171464493	19.36056344	38	41	34
10	9	101337	CONALEP ÁLVARO OBREGÓN I	1	1	Escenotecnia	-99.2171001434	19.3607897706	-	-	27
10	9	102303	CONALEP ÁLVARO OBREGÓN II	1	1	Asistente directivo	-99.2138444498	19.3542859624	32	35	38
10	9	102306	CONALEP ÁLVARO OBREGÓN II	1	1	Contabilidad	-99.2138444498	19.3542859624	44	42	24
10	9	102316	CONALEP ÁLVARO OBREGÓN II	1	1	Inform?tica	-99.2140804842	19.3541847371	50	51	47
10	9	201000	CENTRO DE ESTUDIOS DE BACHILLERATO LIC. JESÚS REYES HEROLES	2	2		-99.1744193834	19.3595817912	59	63	65
10	9	401000	CENTRO DE ESTUDIOS TECNOLÓGICOS INDUSTRIAL Y DE SERVICIOS NÚM. 10	4	3	Componente de formaci?n b?sica,  Diet?tica,  Geric	-99.1996025381	19.3751236921	52	55	57
10	9	402000	CENTRO DE ESTUDIOS TECNOLÓGICOS INDUSTRIAL Y DE SERVICIOS NÚM. 52	4	3	Componente de formaci?n b?sica,  Administraci?n de	-99.2799118902	19.3261869355	45	48	52
10	9	504100	CECyT NÚM. 4 LÁZARO CÁRDENAS DEL RÍO RAMA DE INGENIERÍA Y CIENCIAS   FÍSICO ? MATEMÁTICAS	5	3	Tecnico en Construcci?n,  Tecnico en instalaciones	-99.215062	19.398445	77	80	85
10	9	601000	ESCUELA NACIONAL PREPARATORIA PLANTEL NÚM. 8 MIGUEL E. SCHULZ	6	2		-99.195127	19.367126	89	92	96
2	9	1000	PLANTEL 1, EL ROSARIO	0	2	Inicio agosto del 2014	-99.1973805428	19.5118933663	52	52	60
2	9	18000	PLANTEL 18, TLILHUACA AZCAPOTZALCO	0	2	Inicio agosto del 2014	-99.2079068423	19.4879439076	46	45	53
2	9	103301	CONALEP AZCAPOTZALCO	1	1	Administraci?n	-99.1761804423	19.4874832135	31	31	51
2	9	103304	CONALEP AZCAPOTZALCO	1	1	Mantenimiento automotriz	-99.1761804423	19.4875438989	31	38	60
2	9	103333	CONALEP AZCAPOTZALCO	1	1	Seguridad e higiene y Protecci?n civil	-99.1762877307	19.4876045842	31	34	56
2	9	104306	CONALEP CENTRO MÉXICO-CANADÁ	1	1	Contabilidad	-99.2151421695	19.4839029766	32	31	25
2	9	104316	CONALEP CENTRO MÉXICO-CANADÁ	1	1	Inform?tica	-99.2152494578	19.4839232055	32	32	23
2	9	104317	CONALEP CENTRO MÉXICO-CANADÁ	1	1	Soporte y mantenimiento de equipo de c?mputo	-99.2152709155	19.4839636633	31	31	27
2	9	403000	CENTRO DE ESTUDIOS TECNOLÓGICOS INDUSTRIAL Y DE SERVICIOS NÚM. 4	4	3	Componente de formaci?n b?sica,  Contabilidad,  El	-99.174892746	19.4774356757	37	38	37
2	9	404000	CENTRO DE ESTUDIOS TECNOLÓGICOS INDUSTRIAL Y DE SERVICIOS NÚM. 33	4	3	Componente de formaci?n b?sica,  Administraci?n de	-99.2071757963	19.5034998868	40	42	48
2	9	506200	CECyT NÚM. 6 MIGUEL OTHÓN DE MENDIZÁBAL RAMA DE CIENCIAS MÉDICO - BIOLÓGICAS	5	3	Tecnico en ecolog?a,  Tecnico en enfermer?a,   T?c	-99.158092	19.467138	87	89	93
2	9	508100	CECyT NÚM. 8 NARCISO BASSOLS GARCÍA RAMA DE INGENIERÍA Y CIENCIAS   FÍSICO - MATEMÁTICAS	5	3	Tecnico en computaci?n,  Tecnico en mantenimiento 	-99.174292	19.487065	79	82	85
2	9	602000	COLEGIO DE CIENCIAS Y HUMANIDADES, PLANTEL AZCAPOTZALCO	6	2		-99.2036698143	19.5001264802	81	85	90
14	9	20000	PLANTEL 20, DEL VALLE MATIAS ROMERO	0	2	Inicio agosto del 2014	-99.164896873	19.3802004837	77	79	83
14	9	405000	CENTRO DE ESTUDIOS TECNOLÓGICOS INDUSTRIAL Y DE SERVICIOS NÚM. 5	4	3	Componente de formaci?n b?sica,  Trabajo social	-99.1573635767	19.3648443006	48	51	55
3	9	4000	PLANTEL 4, CULHUACÁN LÁZARO CÁRDENAS	0	2	Inicio agosto del 2014	-99.1201714465	19.3240498221	65	66	70
3	9	17000	PLANTEL 17, HUAYAMILPAS PEDREGAL	0	2	Inicio agosto del 2014	-99.1526703778	19.3216445367	65	66	70
3	9	105313	CONALEP COYOACÁN	1	1	Enfermer?a general	-99.1085666908	19.3252129261	69	73	74
3	9	105322	CONALEP COYOACÁN	1	1	Optometr?a	-99.1084701313	19.3252129261	49	61	64
3	9	105331	CONALEP COYOACÁN	1	1	Terapia respiratoria	-99.1084915889	19.3252129261	51	62	61
3	9	406000	CENTRO DE ESTUDIOS TECNOLÓGICOS INDUSTRIAL Y DE SERVICIOS NÚM. 2	4	3	Componente de formaci?n b?sica,  Arquitectura,  Di	-99.1563744577	19.3504044732	67	68	75
3	9	513300	CECyT NÚM. 13 RICARDO FLORES MAGÓN RAMA DE CIENCIAS SOCIALES Y ADMINISTRATIVAS	5	3	Tecnico en administraci?n,  Tecnico en administrac	-99.129081	19.339552	91	92	95
3	9	603000	ESCUELA NACIONAL PREPARATORIA PLANTEL  NÚM. 6 ANTONIO CASO	6	2		-99.156665	19.352408	107	109	111
3	9	604000	COLEGIO DE CIENCIAS Y HUMANIDADES, PLANTEL SUR	6	2		-99.2000123471	19.3114794169	88	91	94
4	9	8000	PLANTEL 8, CUAJIMALPA	0	2	Inicio agosto del 2014	-99.284836932	19.3642050803	51	55	59
4	9	106303	CONALEP SANTA FE	1	1	Asistente directivo	-99.284272234	19.350840516	31	33	24
4	9	106316	CONALEP SANTA FE	1	1	Inform?tica	-99.2842454119	19.3508455774	46	45	41
4	9	106322	CONALEP SANTA FE	1	1	Optometr?a	-99.2842400475	19.350840516	39	37	21
4	9	106334	CONALEP SANTA FE	1	1	Expresi?n gr?fica digital	-99.2842346831	19.350840516	37	49	48
4	9	107302	CONALEP EL ZARCO	1	1	Alimentos y bebidas	-99.3541111111	19.2946444444	45	57	50
4	9	107306	CONALEP EL ZARCO	1	1	Contabilidad	-99.3541593909	19.2946393813	31	35	29
4	9	107325	CONALEP EL ZARCO	1	1	Producci?n y transformaci?n de productos acu?colas	-99.3540574669	19.2946444444	31	31	30
4	9	407000	CENTRO DE ESTUDIOS TECNOLÓGICOS INDUSTRIAL Y DE SERVICIOS NÚM. 29	4	3	Componente de formaci?n b?sica,  Laboratorio cl?ni	-99.3160409959	19.3508397514	45	47	51
15	9	408000	CENTRO DE ESTUDIOS TECNOLÓGICOS INDUSTRIAL Y DE SERVICIOS NÚM. 3	4	3	Componente de formaci?n b?sica,  Administraci?n de	-99.1322672884	19.41517142	42	42	18
15	9	409000	CENTRO DE ESTUDIOS TECNOLÓGICOS INDUSTRIAL Y DE SERVICIOS NÚM. 9	4	3	Componente de formaci?n b?sica,  Administraci?n de	-99.1409879378	19.4388903929	44	45	50
15	9	410000	CENTRO DE ESTUDIOS TECNOLÓGICOS INDUSTRIAL Y DE SERVICIOS NÚM. 11	4	3	Componente de formaci?n b?sica,  Dise?o gr?fico di	-99.1524746356	19.4292184116	67	67	75
15	9	411000	CENTRO DE ESTUDIOS TECNOLÓGICOS INDUSTRIAL Y DE SERVICIOS NÚM. 13	4	3	Componente de formaci?n b?sica,  Contabilidad,  Pr	-99.1505971779	19.4289274736	56	60	64
15	9	505300	CECyT NÚM. 5 BENITO JUÁREZ GARCÍA RAMA DE CIENCIAS SOCIALES Y ADMINISTRATIVAS	5	3	Tecnico en comercio internacional,  Tecnico en con	-99.150152	19.431505	85	87	90
15	9	512300	CECyT NÚM. 12 JOSÉ MA. MORELOS Y PAVÓN RAMA DE CIENCIAS SOCIALES Y ADMINISTRATIVAS	5	3	Tecnico en administraci?n,  Tecnico en contadur?a,	-99.152352	19.462774	80	81	85
5	9	2000	PLANTEL 2, CIEN METROS ELISA ACUÑA ROSSETTI	0	2	Inicio agosto del 2014	-99.1499115095	19.5012210748	59	62	69
5	9	9000	PLANTEL 9, ARAGÓN	0	2	Inicio agosto del 2014	-99.0647668966	19.4678660208	49	47	53
5	9	11000	PLANTEL 11, NUEVA ATZACOALCO	0	2	Inicio agosto del 2014	-99.095147863	19.5040458945	43	41	46
5	9	108310	CONALEP ARAGÓN	1	1	Electricidad industrial	-99.0710972758	19.4509324098	31	31	27
5	9	108312	CONALEP ARAGÓN	1	1	Mantenimiento de sistemas electr?nicos	-99.07115092	19.4509324098	31	31	23
5	9	108316	CONALEP ARAGÓN	1	1	Inform?tica	-99.0710758181	19.4506997299	42	43	48
5	9	108334	CONALEP ARAGÓN	1	1	Expresi?n gr?fica digital	-99.071086547	19.4510335748	49	40	41
5	9	109306	CONALEP GUSTAVO  A. MADERO I	1	1	Contabilidad	-99.1437359804	19.5308550656	36	34	16
5	9	109316	CONALEP GUSTAVO  A. MADERO I	1	1	Inform?tica	-99.1436827183	19.5307758389	37	33	26
5	9	109322	CONALEP GUSTAVO  A. MADERO I	1	1	Optometr?a	-99.1435857767	19.5307741734	44	42	47
5	9	110303	CONALEP GUSTAVO A.  MADERO II	1	1	Asistente directivo	-99.0870236607	19.5050887486	32	31	26
5	9	110304	CONALEP GUSTAVO A.  MADERO II	1	1	Mantenimiento automotriz	-99.0870451184	19.5052505586	45	45	41
5	9	110311	CONALEP GUSTAVO A.  MADERO II	1	1	Electromec?nica industrial	-99.0870451184	19.5051089748	31	31	28
5	9	110316	CONALEP GUSTAVO A.  MADERO II	1	1	Inform?tica	-99.0870880337	19.5051089748	47	43	41
5	9	111303	CONALEP ING. JOSÉ ANTONIO PADILLA SEGURA III	1	1	Asistente directivo	-99.146366613	19.5207247454	31	31	24
5	9	111310	CONALEP ING. JOSÉ ANTONIO PADILLA SEGURA III	1	1	Electricidad industrial	-99.1463236976	19.5207247454	31	31	29
5	9	111327	CONALEP ING. JOSÉ ANTONIO PADILLA SEGURA III	1	1	Qu?mica industrial	-99.146366613	19.5207247454	31	31	29
5	9	111335	CONALEP ING. JOSÉ ANTONIO PADILLA SEGURA III	1	1	Mecatronica	-99.146366613	19.520704521	33	31	24
5	9	412000	CENTRO DE ESTUDIOS TECNOLÓGICOS INDUSTRIAL Y DE SERVICIOS NÚM. 30	4	3	Componente de formaci?n b?sica,  Contabilidad,  El	-99.1240166958	19.4993485389	52	56	56
5	9	413000	CENTRO DE ESTUDIOS TECNOLÓGICOS INDUSTRIAL Y DE SERVICIOS NÚM. 54	4	3	Componente de formaci?n b?sica,  Contabilidad,  Of	-99.0600110847	19.4633503635	48	48	45
5	9	414000	CENTRO DE ESTUDIOS TECNOLÓGICOS INDUSTRIAL Y DE SERVICIOS NÚM. 55	4	3	Componente de formaci?n b?sica,  Administraci?n de	-99.1029773902	19.5074030169	40	36	42
5	9	415000	CENTRO DE ESTUDIOS TECNOLÓGICOS INDUSTRIAL Y DE SERVICIOS NÚM. 56	4	3	Componente de formaci?n b?sica,  Administraci?n de	-99.1014220675	19.4584896962	37	35	39
5	9	416000	CENTRO DE ESTUDIOS TECNOLÓGICOS INDUSTRIAL Y DE SERVICIOS NÚM. 166	4	3	Componente de formaci?n b?sica,  Administraci?n de	-99.1479980203	19.5183815925	52	54	57
5	9	417000	CENTRO DE ESTUDIOS TECNOLÓGICOS INDUSTRIAL Y DE SERVICIOS NÚM. 7	4	3	Componente de formaci?n b?sica,  Contabilidad,  Co	-99.1563855251	19.5345851055	45	42	33
5	9	501100	CECyT NÚM. 1 GONZALO VÁZQUEZ VELA RAMA DE INGENIERÍA Y CIENCIAS   FÍSICO ? MATEMÁTICAS	5	3	Tecnico en construcci?n,  Tecnico en procesos indu	-99.090929	19.467037	80	83	87
5	9	510100	CECyT NÚM. 10  CARLOS VALLEJO MÁRQUEZ RAMA DE INGENIERÍA Y CIENCIAS   FÍSICO ? MATEMÁTICAS	5	3	Tecnico en diagn?stico y mejoramiento ambiental,  	-99.079621	19.455101	77	79	84
5	9	517100	CENTRO DE ESTUDIOS TECNOLÓGICOS WALTER CROSS BUCHANAN RAMA DE INGENIERÍA Y CIENCIAS   FÍSICO-MATEMÁTICAS	5	3	Tecnico en automatizaci?n y control el?ctrico indu	-99.061393	19.455429	77	80	84
5	9	605000	ESCUELA NACIONAL PREPARATORIA PLANTEL  NÚM. 3 JUSTO SIERRA	6	2		-99.0955092589	19.4829052781	96	99	102
5	9	606000	ESCUELA NACIONAL PREPARATORIA PLANTEL  NÚM. 9 PEDRO DE ALBA	6	2		-99.1277512651	19.483821493	101	103	106
5	9	607000	COLEGIO DE CIENCIAS Y HUMANIDADES, PLANTEL VALLEJO	6	2		-99.1417952846	19.485185849	84	88	92
6	9	3000	PLANTEL 3, IZTACALCO	0	2	Inicio agosto del 2014	-99.1112691014	19.385526349	60	60	63
6	9	112303	CONALEP IZTACALCO I	1	1	Asistente directivo	-99.0662235326	19.4032054227	31	31	20
6	9	112311	CONALEP IZTACALCO I	1	1	Electromec?nica industrial	-99.066395194	19.4032054227	43	42	24
6	9	112315	CONALEP IZTACALCO I	1	1	Industria del vestido	-99.0662235326	19.4033673344	40	39	30
6	9	418000	CENTRO DE ESTUDIOS TECNOLÓGICOS INDUSTRIAL Y DE SERVICIOS NÚM. 31	4	3	Componente de formaci?n b?sica,  Administraci?n de	-99.093847	19.3870345181	42	46	44
6	9	419000	CENTRO DE ESTUDIOS TECNOLÓGICOS INDUSTRIAL Y DE SERVICIOS NÚM. 76	4	3	Componente de formaci?n b?sica,  Enfermer?a genera	-99.12215	19.3847113968	70	72	71
6	9	608000	ESCUELA NACIONAL PREPARATORIA PLANTEL  NÚM. 2 ERASMO CASTELLANOS QUINTO	6	2		-99.100081	19.384211	102	104	107
6	9	609000	COLEGIO DE CIENCIAS Y HUMANIDADES, PLANTEL ORIENTE	6	2		-99.0603735106	19.3851818645	86	89	93
7	9	6000	PLANTEL 6, VICENTE GUERRERO	0	2	Inicio agosto del 2014	-99.0554252434	19.358488499	51	51	54
7	9	7000	PLANTEL 7, IZTAPALAPA	0	2	Inicio agosto del 2014	-99.0695219981	19.3789313975	49	50	52
7	9	113306	CONALEP AZTAHUACAN	1	1	Contabilidad	-99.0318483419	19.357296981	31	31	25
7	9	113312	CONALEP AZTAHUACAN	1	1	Mantenimiento de sistemas electr?nicos	-99.0317946977	19.357296981	31	31	19
7	9	113315	CONALEP AZTAHUACAN	1	1	Industria del vestido	-99.0318161554	19.357296981	31	31	24
7	9	113322	CONALEP AZTAHUACAN	1	1	Optometr?a	-99.0318161554	19.357296981	31	31	22
7	9	114306	CONALEP IZTAPALAPA V	1	1	Contabilidad	-99.0064090436	19.3727266899	31	31	25
7	9	114316	CONALEP IZTAPALAPA V	1	1	Inform?tica	-99.0064680522	19.3727266899	37	35	26
7	9	114317	CONALEP IZTAPALAPA V	1	1	Soporte y mantenimiento de equipo de c?mputo	-99.0063714927	19.3727266899	42	42	36
7	9	115303	CONALEP IZTAPALAPA I	1	1	Asistente directivo	-99.0142109834	19.3612175787	31	31	26
7	9	115307	CONALEP IZTAPALAPA I	1	1	Control de calidad	-99.0141573393	19.3612226398	31	32	25
7	9	115310	CONALEP IZTAPALAPA I	1	1	Electricidad industrial	-99.0142378055	19.3612175787	31	31	26
7	9	115320	CONALEP IZTAPALAPA I	1	1	M?quinas herramienta	-99.0142217123	19.3612580671	31	31	25
7	9	116305	CONALEP IZTAPALAPA II	1	1	Construcci?n	-99.0528703285	19.3838245179	32	31	24
7	9	116306	CONALEP IZTAPALAPA II	1	1	Contabilidad	-99.0528971505	19.3838245179	31	31	27
7	9	116336	CONALEP IZTAPALAPA II	1	1	Autotr?nica	-99.0528274131	19.3838447593	31	31	27
7	9	117303	CONALEP IZTAPALAPA III	1	1	Asistente directivo	-99.0791694524	19.3345528405	31	31	23
7	9	117316	CONALEP IZTAPALAPA III	1	1	Inform?tica	-99.0791640879	19.3345832117	43	39	24
7	9	117328	CONALEP IZTAPALAPA III	1	1	Refrigeraci?n y climatizaci?n	-99.0790997149	19.3345528405	31	31	31
7	9	118304	CONALEP IZTAPALAPA IV	1	1	Mantenimiento automotriz	-99.069418	19.291732	51	52	48
7	9	118306	CONALEP IZTAPALAPA IV	1	1	Contabilidad	-99.0693697202	19.291732	31	31	27
7	9	118317	CONALEP IZTAPALAPA IV	1	1	Soporte y mantenimiento de equipo de c?mputo	-99.069482373	19.291732	34	31	21
7	9	420000	CENTRO DE ESTUDIOS TECNOLÓGICOS INDUSTRIAL Y DE SERVICIOS NÚM. 6	4	3	Componente de formaci?n b?sica,  Electricidad,  Me	-99.1061147881	19.3454097316	31	31	15
7	9	421000	CENTRO DE ESTUDIOS TECNOLÓGICOS INDUSTRIAL Y DE SERVICIOS NÚM. 42	4	3	Componente de formaci?n b?sica,  Administraci?n de	-99.000453	19.346026	31	35	22
7	9	422000	CENTRO DE ESTUDIOS TECNOLÓGICOS INDUSTRIAL Y DE SERVICIOS NÚM. 50	4	3	Componente de formaci?n b?sica,  Electr?nica,  Pro	-99.076665	19.307088	40	37	32
7	9	423000	CENTRO DE ESTUDIOS TECNOLÓGICOS INDUSTRIAL Y DE SERVICIOS NÚM. 53	4	3	Componente de formaci?n b?sica,  Contabilidad,  Di	-99.0520267606	19.3569127977	48	44	41
7	9	424000	CENTRO DE ESTUDIOS TECNOLÓGICOS INDUSTRIAL Y DE SERVICIOS NÚM. 57	4	3	Componente de formaci?n b?sica,  Enfermer?a genera	-99.0541508307	19.3859004964	61	63	68
7	9	425000	CENTRO DE ESTUDIOS TECNOLÓGICOS INDUSTRIAL Y DE SERVICIOS NÚM. 153	4	3	Componente de formaci?n b?sica,  Cosmetolog?a,  Di	-99.0612153386	19.3786794356	61	62	65
7	9	507100	CECyT NÚM. 7 CUAUHTÉMOC RAMA DE INGENIERÍA Y CIENCIAS   FÍSICO ? MATEMÁTICAS	5	3	Tecnico en construcci?n,  Tecnico en instalaciones	-99.026148	19.345059	85	88	91
8	9	15000	PLANTEL 15, CONTRERAS	0	2	Inicio agosto del 2014	-99.2445143559	19.3104349003	59	61	64
8	9	119301	CONALEP COMERCIO Y FOMENTO INDUSTRIAL (SECOFI)	1	1	Administraci?n	-99.2686351101	19.304504545	31	31	26
8	9	119303	CONALEP COMERCIO Y FOMENTO INDUSTRIAL (SECOFI)	1	1	Asistente directivo	-99.2673905651	19.3053145916	31	31	23
8	9	120302	CONALEP MAGDALENA CONTRERAS	1	1	Alimentos y bebidas	-99.2297107531	19.3111469596	60	64	61
8	9	120306	CONALEP MAGDALENA CONTRERAS	1	1	Contabilidad	-99.2297107531	19.3111469596	31	31	15
8	9	120316	CONALEP MAGDALENA CONTRERAS	1	1	Inform?tica	-99.2297107531	19.3111469596	50	53	54
16	9	202000	CENTRO DE ESTUDIOS DE BACHILLERATO MTRO. MOISÉS SÁENZ GARZA	2	2		-99.1705448601	19.448664454	64	68	72
16	9	426000	CENTRO DE ESTUDIOS TECNOLÓGICOS INDUSTRIAL Y DE SERVICIOS NÚM. 8	4	3	Componente de formaci?n b?sica,  Administraci?n de	-99.1839695119	19.4398951502	42	39	40
16	9	427000	CENTRO DE ESTUDIOS TECNOLÓGICOS INDUSTRIAL Y DE SERVICIOS NÚM. 152	4	3	Componente de formaci?n b?sica,  Contabilidad,  El	-99.1909217834	19.4084377321	34	36	34
16	9	502100	CECyT NÚM. 2 MIGUEL BERNARD PERALES RAMA DE INGENIERÍA Y CIENCIAS   FÍSICO - MATEMÁTICAS	5	3	Tecnico en m?quinas con sistemas automatizados,  T	-99.2127391607	19.4524706508	83	85	89
16	9	509100	CECyT NÚM. 9 JUAN DE DIOS BÁTIZ PAREDES RAMA DE INGENIERÍA Y CIENCIAS   FÍSICO - MATEMÁTICAS	5	3	Tecnico en m?quinas con sistemas automatizados,  T	-99.175188	19.453978	101	102	105
16	9	511100	CECyT NÚM. 11 WILFRIDO MASSIEU PÉREZ RAMA DE INGENIERÍA Y CIENCIAS   FÍSICO - MATEMÁTICAS	5	3	Tecnico en construcci?n,   Tecnico en instalacione	-99.166117	19.453391	78	80	85
16	9	611000	ESCUELA NACIONAL PREPARATORIA PLANTEL  NÚM. 4 VIDAL CASTA?EDA Y NÁJERA	6	2		-99.1952562332	19.4036209423	86	89	93
9	9	14000	PLANTEL 14, MILPA ALTA FIDENCIO VILLANUEVA ROJAS	0	2	Inicio agosto del 2014	-99.0221024248	19.1917154352	58	58	61
9	9	121303	CONALEP MILPA ALTA	1	1	Asistente directivo	-99.0658436087	19.1857163261	39	35	24
9	9	121306	CONALEP MILPA ALTA	1	1	Contabilidad	-99.0658436087	19.1857163261	35	31	26
9	9	121313	CONALEP MILPA ALTA	1	1	Enfermer?a general	-99.0658436087	19.1857163261	52	56	59
9	9	428000	CENTRO DE ESTUDIOS TECNOLÓGICOS INDUSTRIAL Y DE SERVICIOS NÚM. 167	4	3	Componente de formaci?n b?sica,  Ofim?tica,  Prepa	-99.0973773386	19.1940136487	50	51	55
9	9	515200	CECyT NÚM. 15 DIÓDORO ANTÉNEZ ECHEGARAY RAMA DE CIENCIAS   MÉDICO ? BIOLÓGICAS	5	3	Tecnico en alimentos,  Tecnico laboratorista cl?ni	-98.9957372884	19.2216326928	84	86	89
11	9	16000	PLANTEL 16, TLÁHUAC MANUEL CHAVARRIA CHAVARRIA	0	2	Inicio agosto del 2014	-99.0086515435	19.2891732677	55	53	60
11	9	122304	CONALEP TLÁHUAC	1	1	Mantenimiento automotriz	-98.9947650698	19.2850904053	44	43	43
11	9	122306	CONALEP TLÁHUAC	1	1	Contabilidad	-98.9948308468	19.2851802928	33	31	25
11	9	122312	CONALEP TLÁHUAC	1	1	Mantenimiento de sistemas electr?nicos	-98.9947650698	19.2850701517	37	37	20
11	9	429000	CENTRO DE ESTUDIOS TECNOLÓGICOS INDUSTRIAL Y DE SERVICIOS NÚM. 1	4	3	Componente de formaci?n b?sica,  Electricidad,   E	-98.998028	19.293312	48	48	50
12	9	123302	CONALEP TLALPAN I	1	1	Alimentos y bebidas	-99.1631426386	19.298209844	70	75	73
12	9	123316	CONALEP TLALPAN I	1	1	Inform?tica	-99.1631640963	19.298189592	59	69	66
12	9	124301	CONALEP TLALPAN II	1	1	Administraci?n	-99.2066587977	19.2826758283	49	53	55
12	9	124311	CONALEP TLALPAN II	1	1	Electromec?nica industrial	-99.2066587977	19.2826758283	47	51	52
12	9	124327	CONALEP TLALPAN II	1	1	Qu?mica industrial	-99.2066587977	19.2826758283	43	46	41
12	9	430000	CENTRO DE ESTUDIOS TECNOLÓGICOS INDUSTRIAL Y DE SERVICIOS NÚM. 154	4	3	Componente de formaci?n b?sica,  Administraci?n de	-99.1605322712	19.2684345114	50	52	57
12	9	612000	ESCUELA NACIONAL PREPARATORIA PLANTEL  NÚM. 5 JOSÉ VASCONCELOS	6	2		-99.1348743439	19.3077412539	97	100	103
17	9	10000	PLANTEL 10, AEROPUERTO	0	2	Inicio agosto del 2014	-99.0752697411	19.4121146231	46	47	50
17	9	125318	CONALEP AEROPUERTO	1	1	Mantenimiento de motores y planeadores	-99.0575838089	19.4240407224	53	55	61
17	9	125329	CONALEP AEROPUERTO	1	1	Sistemas electr?nicos de aviaci?n	-99.0572535995	19.4239741083	55	56	48
17	9	125330	CONALEP AEROPUERTO	1	1	Telecomunicaciones	-99.057328094	19.4240484106	48	50	35
17	9	125332	CONALEP AEROPUERTO	1	1	Laminister?a y recubrimiento de las aeronaves	-99.0572714477	19.423988444	31	31	28
17	9	126303	CONALEP VENUSTIANO CARRANZA I	1	1	Asistente directivo	-99.1265690991	19.4122404215	31	31	30
17	9	126306	CONALEP VENUSTIANO CARRANZA I	1	1	Contabilidad	-99.1265526834	19.4122473815	31	31	28
17	9	126312	CONALEP VENUSTIANO CARRANZA I	1	1	Mantenimiento de sistemas electr?nicos	-99.1265595341	19.4122194209	31	31	24
17	9	126317	CONALEP VENUSTIANO CARRANZA I	1	1	Soporte y mantenimiento de equipo de c?mputo	-99.1265639924	19.4122123759	31	31	24
17	9	127302	CONALEP VENUSTIANO CARRANZA II	1	1	Alimentos y bebidas	-99.0588784527	19.4228734044	71	69	65
17	9	127314	CONALEP VENUSTIANO CARRANZA II	1	1	Hospitalidad tur?stica	-99.0588609614	19.4228733643	42	44	30
17	9	127317	CONALEP VENUSTIANO CARRANZA II	1	1	Soporte y mantenimiento de equipo de c?mputo	-99.0588708144	19.4228731695	35	35	28
17	9	431000	CENTRO DE ESTUDIOS TECNOLÓGICOS INDUSTRIAL Y DE SERVICIOS NÚM. 32	4	3	Componente de formaci?n b?sica,  Administraci?n de	-99.0682744155	19.4228575582	43	42	45
17	9	432000	CENTRO DE ESTUDIOS TECNOLÓGICOS INDUSTRIAL Y DE SERVICIOS NÚM. 51	4	3	Componente de formaci?n b?sica,  Preparaci?n de al	-99.0608882904	19.432924246	52	55	55
17	9	514300	CECyT NÚM. 14 LUIS ENRIQUE ERRO SOLER RAMA DE CIENCIAS SOCIALES Y ADMINISTRATIVAS	5	3	Tecnico en contadur?a,  Tecnico en Informatica,  T	-99.1153110021	19.446191901	82	84	88
17	9	613000	ESCUELA NACIONAL PREPARATORIA PLANTEL  NÚM. 7 EZEQUIEL A. CHÁVEZ	6	2		-99.127032	19.418721	89	93	97
13	9	13000	PLANTEL 13, XOCHIMILCO TEPEPAN QUIRINO MENDOZA Y CORTES	0	2	Inicio agosto del 2014	-99.1255263734	19.2614876726	66	69	72
13	9	128303	CONALEP XOCHIMILCO	1	1	Asistente directivo	-99.1292461839	19.2695232347	46	49	47
13	9	128305	CONALEP XOCHIMILCO	1	1	Construcci?n	-99.1291515557	19.2696371608	41	43	41
13	9	128312	CONALEP XOCHIMILCO	1	1	Mantenimiento de sistemas electr?nicos	-99.1291066003	19.2695948901	45	48	52
13	9	128327	CONALEP XOCHIMILCO	1	1	Qu?mica industrial	-99.1291128222	19.2696102909	43	45	41
13	9	433000	CENTRO DE ESTUDIOS TECNOLÓGICOS INDUSTRIAL Y DE SERVICIOS NÚM. 39	4	3	Componente de formaci?n b?sica,  Administraci?n de	-99.1272089642	19.2623517648	45	47	46
13	9	434000	CENTRO DE ESTUDIOS TECNOLÓGICOS INDUSTRIAL Y DE SERVICIOS NÚM. 49	4	3	Componente de formaci?n b?sica,  Cosmetolog?a,  Di	-99.1273815636	19.2618079364	54	53	53
13	9	614000	ESCUELA NACIONAL PREPARATORIA PLANTEL  NÚM. 1 GABINO BARREDA	6	2		-99.1215181274	19.2725724752	95	98	100
